emp_id,pay_month,gross,deductions,net,lop_days
000101,2025-01-01,42000,6700,35300,1
000102,2025-01-01,33000,3000,30000,0
000104,2025-01-01,170000,13600,156400,0
000105,2025-01-01,110000,15400,94600,0
000106,2025-01-01,81000,9700,71300,0
000107,2025-01-01,48000,4300,43700,0
000109,2025-01-01,34000,5100,28900,0
000110,2025-01-01,304000,33400,270600,0
000113,2025-01-01,31000,2800,28200,1
000114,2025-01-01,76000,10600,65400,0
000115,2025-01-01,177000,24800,152200,0
000116,2025-01-01,54000,4900,49100,0
000118,2025-01-01,36000,4700,31300,0
000119,2025-01-01,57000,5100,51900,0
000120,2025-01-01,25000,3200,21800,0
000121,2025-01-01,360000,28800,331200,1
000122,2025-01-01,172000,18900,153100,0
000123,2025-01-01,141000,18300,122700,0
000124,2025-01-01,28000,2800,25200,0
000126,2025-01-01,76000,8400,67600,0
000127,2025-01-01,50000,7500,42500,0
000128,2025-01-01,65000,7800,57200,0
000129,2025-01-01,29000,4400,24600,0
000131,2025-01-01,66000,5300,60700,0
000132,2025-01-01,132000,11900,120100,0
000133,2025-01-01,50000,7500,42500,0
000134,2025-01-01,71000,8500,62500,0
000135,2025-01-01,26000,3400,22600,0
000136,2025-01-01,54000,5900,48100,0
000137,2025-01-01,44000,4400,39600,0
000139,2025-01-01,129000,15500,113500,0
000141,2025-01-01,185000,18500,166500,2
000143,2025-01-01,123000,16000,107000,3
000144,2025-01-01,121000,15700,105300,0
000146,2025-01-01,203000,32500,170500,0
000147,2025-01-01,110000,12100,97900,0
000148,2025-01-01,46000,4100,41900,0
000149,2025-01-01,119000,9500,109500,0
000150,2025-01-01,51000,7600,43400,0
000151,2025-01-01,36000,5400,30600,0
000152,2025-01-01,49000,4900,44100,0
000153,2025-01-01,145000,16000,129000,0
000156,2025-01-01,113000,10200,102800,0
000157,2025-01-01,56000,5600,50400,0
000158,2025-01-01,74000,7400,66600,0
000159,2025-01-01,35000,5200,29800,1
000160,2025-01-01,59000,9400,49600,0
000161,2025-01-01,39000,3900,35100,0
000162,2025-01-01,245000,19600,225400,0
000164,2025-01-01,80000,9600,70400,0
000165,2025-01-01,218000,30500,187500,0
000166,2025-01-01,91000,8200,82800,0
000167,2025-01-01,76000,10600,65400,0
000168,2025-01-01,128000,16600,111400,0
000170,2025-01-01,86000,7700,78300,0
000171,2025-01-01,140000,22400,117600,0
000173,2025-01-01,45000,6800,38200,0
000174,2025-01-01,237000,23700,213300,0
000175,2025-01-01,246000,34400,211600,0
000176,2025-01-01,137000,17800,119200,0
000177,2025-01-01,134000,21400,112600,0
000178,2025-01-01,89000,7100,81900,0
000179,2025-01-01,122000,19500,102500,0
000180,2025-01-01,41000,6600,34400,0
000181,2025-01-01,75000,6800,68200,0
000182,2025-01-01,178000,,162000,0
000183,2025-01-01,59000,5900,53100,0
000184,2025-01-01,362000,47100,314900,0
000185,2025-01-01,82000,9000,73000,0
000186,2025-01-01,337000,40400,296600,0
000187,2025-01-01,125000,11200,113800,0
000188,2025-01-01,131000,21000,110000,0
000189,2025-01-01,111000,8900,102100,0
000190,2025-01-01,60000,9600,50400,0
000191,2025-01-01,73000,11700,61300,1
000192,2025-01-01,56000,7300,48700,0
000193,2025-01-01,75000,9800,65200,0
000194,2025-01-01,487000,43800,443200,0
000198,2025-01-01,47000,3800,43200,0
000199,2025-01-01,33000,3600,29400,0
000200,2025-01-01,73000,8000,65000,1
000201,2025-01-01,227000,31800,195200,0
000202,2025-01-01,60000,8400,51600,0
000203,2025-01-01,139000,20800,118200,0
000204,2025-01-01,78000,10900,67100,0
000206,2025-01-01,73000,8000,65000,1
000207,2025-01-01,140000,15400,124600,0
000208,2025-01-01,32000,5100,26900,0
000209,2025-01-01,242000,24200,217800,0
000210,2025-01-01,42000,5900,36100,0
000211,2025-01-01,47000,4200,42800,0
000212,2025-01-01,32000,5100,26900,0
000213,2025-01-01,311000,28000,283000,0
000214,2025-01-01,43000,5200,37800,0
000215,2025-01-01,73000,8800,64200,0
000216,2025-01-01,70000,7700,62300,0
000220,2025-01-01,188000,16900,171100,0
000224,2025-01-01,136000,16300,119700,0
000225,2025-01-01,648000,58300,589700,0
000227,2025-01-01,132000,15800,116200,0
000228,2025-01-01,69000,5500,63500,0
000231,2025-01-01,85000,11900,73100,0
000232,2025-01-01,45000,7200,37800,0
000233,2025-01-01,481000,67300,413700,0
000236,2025-01-01,67000,5400,61600,0
000237,2025-01-01,198000,19800,178200,0
000238,2025-01-01,45000,5400,39600,0
000239,2025-01-01,31000,4000,27000,0
000241,2025-01-01,59000,8300,50700,0
000242,2025-01-01,81000,10500,70500,0
000243,2025-01-01,26000,3100,22900,0
000244,2025-01-01,152000,16700,135300,1
000245,2025-01-01,351000,42100,308900,0
000247,2025-01-01,184000,16600,167400,0
000249,2025-01-01,179000,19700,159300,0
000251,2025-01-01,129000,10300,118700,1
000252,2025-01-01,38000,5700,32300,0
000255,2025-01-01,67000,9400,57600,0
000256,2025-01-01,50000,5000,45000,0
000258,2025-01-01,192000,30700,161300,0
000259,2025-01-01,29000,3200,25800,0
000260,2025-01-01,28000,3900,24100,1
000261,2025-01-01,38000,4200,33800,0
000262,2025-01-01,91000,14600,76400,3
000263,2025-01-01,72000,10800,61200,0
000264,2025-01-01,199000,31800,167200,2
000265,2025-01-01,72000,9400,62600,1
000266,2025-01-01,26000,2100,23900,0
000267,2025-01-01,42000,5500,36500,0
000268,2025-01-01,127000,14000,113000,2
000270,2025-01-01,236000,21200,214800,0
000271,2025-01-01,145000,17400,127600,0
000272,2025-01-01,184000,25800,158200,0
000273,2025-01-01,50000,8000,42000,0
000275,2025-01-01,98000,14700,83300,0
000276,2025-01-01,46000,3700,42300,0
000278,2025-01-01,69000,9000,60000,0
000279,2025-01-01,29000,3800,25200,0
000280,2025-01-01,82000,10700,71300,0
000283,2025-01-01,83000,9100,73900,0
000284,2025-01-01,48000,4800,43200,0
000285,2025-01-01,33000,2600,30400,0
000286,2025-01-01,27000,3000,24000,0
000289,2025-01-01,43000,5600,37400,0
000290,2025-01-01,399000,47900,351100,0
000291,2025-01-01,52000,7800,44200,0
000292,2025-01-01,42000,5900,36100,0
000293,2025-01-01,225000,24800,200200,0
000294,2025-01-01,618000,61800,556200,0
000295,2025-01-01,55000,4400,50600,0
000297,2025-01-01,33000,5000,28000,0
000298,2025-01-01,430000,38700,391300,1
000300,2025-01-01,75000,7500,67500,0
000302,2025-01-01,27000,3800,23200,0
000303,2025-01-01,139000,19500,119500,0
000304,2025-01-01,51000,4100,46900,0
000306,2025-01-01,42000,3400,38600,0
000307,2025-01-01,69000,9000,60000,0
000308,2025-01-01,222000,17800,204200,0
000309,2025-01-01,113000,17000,96000,0
000310,2025-01-01,174000,17400,156600,0
000311,2025-01-01,682000,81800,600200,0
000312,2025-01-01,127000,14000,113000,0
000313,2025-01-01,89000,13400,75600,0
000314,2025-01-01,35000,5600,29400,0
000315,2025-01-01,134000,13400,120600,0
000316,2025-01-01,28000,2200,25800,0
000317,2025-01-01,63000,6300,56700,0
000318,2025-01-01,33000,3000,30000,0
000319,2025-01-01,380000,60800,319200,0
000320,2025-01-01,107000,11800,95200,0
000321,2025-01-01,154000,12300,141700,0
000322,2025-01-01,68000,8200,59800,0
000323,2025-01-01,43000,5600,37400,0
000325,2025-01-01,49000,3900,45100,0
000326,2025-01-01,85000,11000,74000,0
000327,2025-01-01,150000,13500,136500,0
000328,2025-01-01,717000,107600,609400,0
000329,2025-01-01,136000,12200,123800,0
000330,2025-01-01,41000,4100,36900,0
000331,2025-01-01,40000,5200,34800,0
000332,2025-01-01,32000,4200,27800,0
000333,2025-01-01,58000,8100,49900,0
000334,2025-01-01,76000,6800,69200,0
000335,2025-01-01,46000,,40900,0
000336,2025-01-01,382000,34400,347600,0
000337,2025-01-01,80000,10400,69600,0
000338,2025-01-01,94000,10300,83700,0
000339,2025-01-01,31000,3100,27900,0
000340,2025-01-01,71000,8500,62500,0
000341,2025-01-01,63000,10100,52900,0
000342,2025-01-01,50000,7500,42500,2
000343,2025-01-01,379000,53100,325900,0
000344,2025-01-01,188000,30100,157900,0
000347,2025-01-01,132000,15800,116200,0
000349,2025-01-01,118000,9400,108600,0
000350,2025-01-01,121000,13300,107700,1
000351,2025-01-01,64000,10200,53800,0
000352,2025-01-01,65000,6500,58500,0
000353,2025-01-01,233000,37300,195700,0
000355,2025-01-01,132000,15800,116200,0
000356,2025-01-01,68000,7500,60500,0
000357,2025-01-01,45000,7200,37800,0
000358,2025-01-01,63000,10100,52900,0
000359,2025-01-01,27000,3200,23800,0
000361,2025-01-01,80000,8000,72000,0
000362,2025-01-01,54000,6500,47500,0
000363,2025-01-01,49000,5900,43100,0
000364,2025-01-01,59000,4700,54300,1
000365,2025-01-01,45000,5000,40000,0
000366,2025-01-01,198000,25700,172300,0
000367,2025-01-01,63000,8200,54800,0
000368,2025-01-01,114000,18200,95800,0
000369,2025-01-01,48000,5800,42200,0
000370,2025-01-01,46000,3700,42300,0
000371,2025-01-01,87000,10400,76600,0
000372,2025-01-01,137000,21900,115100,0
000373,2025-01-01,50000,4500,45500,0
000374,2025-01-01,77000,9200,67800,0
000375,2025-01-01,619000,99000,520000,0
000376,2025-01-01,45000,5800,39200,0
000377,2025-01-01,53000,7400,45600,0
000378,2025-01-01,50000,7000,43000,0
000379,2025-01-01,127000,11400,115600,0
000380,2025-01-01,148000,14800,133200,0
000381,2025-01-01,33000,3300,29700,0
000382,2025-01-01,105000,10500,94500,0
000383,2025-01-01,169000,18600,150400,0
000384,2025-01-01,145000,16000,129000,0
000385,2025-01-01,57000,8000,49000,0
000386,2025-01-01,126000,10100,115900,0
000387,2025-01-01,50000,4000,46000,0
000388,2025-01-01,42000,3400,38600,0
000389,2025-01-01,25000,3000,22000,0
000390,2025-01-01,407000,32600,374400,0
000392,2025-01-01,245000,22000,223000,0
000393,2025-01-01,34000,3100,30900,0
000394,2025-01-01,139000,20800,118200,0
000395,2025-01-01,135000,20200,114800,0
000396,2025-01-01,32000,3800,28200,0
000398,2025-01-01,145000,11600,133400,0
000399,2025-01-01,38000,6100,31900,0
000400,2025-01-01,50000,4000,46000,0
000401,2025-01-01,88000,12300,75700,1
000402,2025-01-01,33000,4000,29000,0
000403,2025-01-01,26000,3600,22400,0
000404,2025-01-01,58000,5200,52800,0
000405,2025-01-01,91000,10000,81000,0
000406,2025-01-01,242000,31500,210500,0
000407,2025-01-01,26000,3400,22600,0
000408,2025-01-01,45000,3600,41400,1
000409,2025-01-01,216000,34600,181400,0
000410,2025-01-01,77000,10800,66200,0
000411,2025-01-01,77000,9200,67800,0
000412,2025-01-01,25000,2200,22800,0
000415,2025-01-01,84000,10900,73100,0
000416,2025-01-01,55000,5000,50000,1
000417,2025-01-01,42000,4200,37800,0
000418,2025-01-01,62000,6200,55800,0
000419,2025-01-01,29000,4400,24600,0
000420,2025-01-01,109000,15300,93700,0
000421,2025-01-01,67000,6000,61000,1
000423,2025-01-01,65000,9100,55900,0
000424,2025-01-01,236000,35400,200600,0
000425,2025-01-01,47000,6100,40900,0
000427,2025-01-01,51000,5600,45400,0
000428,2025-01-01,76000,12200,63800,0
000430,2025-01-01,74000,8100,65900,0
000431,2025-01-01,55000,7700,47300,0
000433,2025-01-01,104000,11400,92600,0
000434,2025-01-01,150000,12000,138000,0
000435,2025-01-01,65000,8400,56600,0
000436,2025-01-01,94000,8500,85500,0
000437,2025-01-01,38000,3800,34200,0
000438,2025-01-01,80000,12800,67200,0
000439,2025-01-01,81000,8900,72100,2
000441,2025-01-01,62000,6200,55800,0
000442,2025-01-01,83000,8300,74700,0
000444,2025-01-01,52000,7300,44700,0
000445,2025-01-01,58000,5200,52800,0
000446,2025-01-01,69000,6900,62100,0
000447,2025-01-01,221000,19900,201100,0
000448,2025-01-01,53000,7400,45600,0
000449,2025-01-01,58000,5800,52200,0
000450,2025-01-01,70000,8400,61600,0
000452,2025-01-01,71000,10600,60400,0
000453,2025-01-01,131000,15700,115300,0
000454,2025-01-01,43000,3400,39600,0
000455,2025-01-01,128000,12800,115200,0
000458,2025-01-01,113000,17000,96000,0
000459,2025-01-01,382000,61100,320900,0
000460,2025-01-01,40000,4000,36000,0
000462,2025-01-01,97000,13600,83400,0
000463,2025-01-01,29000,3200,25800,2
000464,2025-01-01,80000,11200,68800,0
000465,2025-01-01,56000,9000,47000,0
000466,2025-01-01,107000,16000,91000,0
000467,2025-01-01,55000,7700,47300,0
000468,2025-01-01,209000,27200,181800,0
000470,2025-01-01,66000,5900,60100,0
000471,2025-01-01,50000,6500,43500,0
000472,2025-01-01,69000,11000,58000,0
000474,2025-01-01,40000,3200,36800,0
000475,2025-01-01,48000,7700,40300,0
000476,2025-01-01,163000,17900,145100,0
000478,2025-01-01,50000,4000,46000,0
000479,2025-01-01,99000,7900,91100,0
000480,2025-01-01,57000,6800,50200,0
000481,2025-01-01,81000,9700,71300,0
000482,2025-01-01,86000,11200,74800,1
000483,2025-01-01,198000,19800,178200,0
000484,2025-01-01,108000,15100,92900,0
000485,2025-01-01,64000,10200,53800,0
000486,2025-01-01,223000,31200,191800,0
000487,2025-01-01,48000,3800,44200,0
000488,2025-01-01,75000,11200,63800,0
000490,2025-01-01,172000,18900,153100,0
000491,2025-01-01,117000,11700,105300,0
000492,2025-01-01,46000,7400,38600,0
000493,2025-01-01,176000,28200,147800,0
000494,2025-01-01,71000,7100,63900,1
000495,2025-01-01,89000,12500,76500,0
000496,2025-01-01,282000,39500,242500,0
000497,2025-01-01,29000,2600,26400,0
000498,2025-01-01,47000,7000,40000,1
000499,2025-01-01,32000,3800,28200,0
000500,2025-01-01,36000,3200,32800,0
000501,2025-01-01,60000,6000,54000,0
000502,2025-01-01,150000,18000,132000,1
000503,2025-01-01,39000,3500,35500,0
000506,2025-01-01,60000,7200,52800,0
000507,2025-01-01,103000,15400,87600,2
000508,2025-01-01,40000,3600,36400,0
000510,2025-01-01,98000,12700,85300,2
000511,2025-01-01,72000,7200,64800,0
000512,2025-01-01,95000,12400,82600,0
000513,2025-01-01,70000,11200,58800,0
000514,2025-01-01,32000,2600,29400,0
000515,2025-01-01,29000,3200,25800,0
000517,2025-01-01,56000,5600,50400,0
000519,2025-01-01,52000,5200,46800,0
000520,2025-01-01,223000,24500,198500,0
000521,2025-01-01,72000,6500,65500,0
000523,2025-01-01,37000,5900,31100,0
000524,2025-01-01,45000,4000,41000,1
000525,2025-01-01,50000,7000,43000,0
000526,2025-01-01,61000,7900,53100,0
000527,2025-01-01,79000,11800,67200,0
000528,2025-01-01,113000,10200,102800,0
000529,2025-01-01,50000,5000,45000,0
000530,2025-01-01,94000,10300,83700,1
000531,2025-01-01,49000,6900,42100,0
000532,2025-01-01,130000,18200,111800,0
000533,2025-01-01,53000,5800,47200,2
000534,2025-01-01,55000,7700,47300,0
000536,2025-01-01,53000,4800,48200,0
000537,2025-01-01,58000,5200,52800,0
000539,2025-01-01,104000,14600,89400,0
000540,2025-01-01,110000,13200,96800,0
000541,2025-01-01,84000,11800,72200,0
000542,2025-01-01,52000,5200,46800,0
000544,2025-01-01,33000,5000,28000,0
000545,2025-01-01,66000,6600,59400,0
000547,2025-01-01,248000,34700,213300,2
000548,2025-01-01,40000,4400,35600,0
000549,2025-01-01,124000,12400,111600,0
000550,2025-01-01,415000,54000,361000,0
000551,2025-01-01,67000,6700,60300,0
000552,2025-01-01,150000,21000,129000,0
000553,2025-01-01,26000,3900,22100,0
000554,2025-01-01,55000,8200,46800,1
000555,2025-01-01,96000,7700,88300,0
000556,2025-01-01,75000,10500,64500,0
000557,2025-01-01,27000,3800,23200,0
000558,2025-01-01,53000,5800,47200,0
000559,2025-01-01,228000,18200,209800,2
000560,2025-01-01,140000,16800,123200,0
000561,2025-01-01,68000,6100,61900,0
000562,2025-01-01,227000,34000,193000,0
000563,2025-01-01,64000,10200,53800,0
000564,2025-01-01,39000,5100,33900,0
000565,2025-01-01,147000,20600,126400,0
000567,2025-01-01,129000,12900,116100,0
000568,2025-01-01,102000,14300,87700,0
000569,2025-01-01,728000,65500,662500,0
000571,2025-01-01,38000,3400,34600,3
000572,2025-01-01,50000,7000,43000,0
000574,2025-01-01,83000,13300,69700,0
000575,2025-01-01,83000,6600,76400,0
000576,2025-01-01,73000,8000,65000,0
000577,2025-01-01,136000,19000,117000,0
000578,2025-01-01,59000,5300,53700,0
000579,2025-01-01,122000,18300,103700,0
000580,2025-01-01,51000,7100,43900,0
000581,2025-01-01,203000,22300,180700,0
000582,2025-01-01,70000,8400,61600,0
000583,2025-01-01,82000,11500,70500,0
000584,2025-01-01,49000,6900,42100,0
000585,2025-01-01,52000,6800,45200,0
000587,2025-01-01,45000,5800,39200,0
000588,2025-01-01,30000,4200,25800,0
000589,2025-01-01,74000,8100,65900,0
000591,2025-01-01,48000,3800,44200,0
000592,2025-01-01,42000,4200,37800,0
000593,2025-01-01,32000,3200,28800,1
000594,2025-01-01,71000,7100,63900,0
000595,2025-01-01,78000,7800,70200,0
000597,2025-01-01,44000,6200,37800,0
000598,2025-01-01,80000,9600,70400,0
000599,2025-01-01,40000,5200,34800,0
000600,2025-01-01,54000,7600,46400,0
000101,2025-02-01,42000,4200,37800,0
000102,2025-02-01,33000,3000,30000,0
000104,2025-02-01,170000,17000,153000,0
000105,2025-02-01,110000,14300,95700,2
000106,2025-02-01,81000,8900,72100,0
000107,2025-02-01,48000,5300,42700,0
000109,2025-02-01,34000,4800,29200,0
000110,2025-02-01,304000,36500,267500,0
000113,2025-02-01,31000,2500,28500,0
000114,2025-02-01,76000,6800,69200,0
000115,2025-02-01,177000,15900,161100,0
000116,2025-02-01,54000,5400,48600,0
000118,2025-02-01,36000,4700,31300,0
000119,2025-02-01,57000,5100,51900,1
000120,2025-02-01,25000,2200,22800,0
000121,2025-02-01,360000,39600,320400,0
000122,2025-02-01,172000,22400,149600,0
000123,2025-02-01,141000,14100,126900,0
000124,2025-02-01,28000,2800,25200,0
000126,2025-02-01,76000,6100,69900,0
000127,2025-02-01,50000,6500,43500,0
000128,2025-02-01,65000,10400,54600,0
000129,2025-02-01,29000,3500,25500,0
000131,2025-02-01,66000,5300,60700,1
000132,2025-02-01,132000,13200,118800,0
000133,2025-02-01,50000,5500,44500,0
000134,2025-02-01,71000,6400,64600,0
000135,2025-02-01,26000,3100,22900,0
000136,2025-02-01,54000,4900,49100,0
000137,2025-02-01,44000,5300,38700,0
000139,2025-02-01,129000,18100,110900,0
000141,2025-02-01,185000,20400,164600,0
000143,2025-02-01,123000,14800,108200,0
000144,2025-02-01,121000,14500,106500,2
000146,2025-02-01,203000,30400,172600,0
000147,2025-02-01,110000,13200,96800,0
000148,2025-02-01,46000,6400,39600,0
000149,2025-02-01,119000,15500,103500,0
000150,2025-02-01,51000,7600,43400,0
000151,2025-02-01,36000,5800,30200,0
000152,2025-02-01,49000,7800,41200,0
000153,2025-02-01,145000,14500,130500,0
000156,2025-02-01,113000,11300,101700,0
000157,2025-02-01,56000,7300,48700,0
000158,2025-02-01,74000,6700,67300,0
000159,2025-02-01,35000,4600,30400,0
000160,2025-02-01,59000,7700,51300,0
000161,2025-02-01,39000,5500,33500,0
000162,2025-02-01,245000,27000,218000,0
000164,2025-02-01,80000,7200,72800,0
000165,2025-02-01,218000,30500,187500,0
000166,2025-02-01,91000,10000,81000,0
000167,2025-02-01,76000,6100,69900,0
000168,2025-02-01,128000,11500,116500,3
000170,2025-02-01,86000,12000,74000,0
000171,2025-02-01,140000,11200,128800,0
000173,2025-02-01,45000,3600,41400,0
000174,2025-02-01,237000,33200,203800,1
000175,2025-02-01,246000,39400,206600,0
000176,2025-02-01,137000,12300,124700,0
000177,2025-02-01,134000,18800,115200,0
000178,2025-02-01,89000,11600,77400,0
000179,2025-02-01,122000,15900,106100,0
000180,2025-02-01,41000,4900,36100,0
000181,2025-02-01,75000,6800,68200,0
000182,2025-02-01,178000,16000,162000,0
000183,2025-02-01,59000,4700,54300,0
000184,2025-02-01,362000,50700,311300,0
000185,2025-02-01,82000,10700,71300,0
000186,2025-02-01,337000,27000,310000,0
000187,2025-02-01,125000,15000,110000,1
000188,2025-02-01,131000,10500,120500,0
000189,2025-02-01,111000,14400,96600,1
000190,2025-02-01,60000,8400,51600,0
000191,2025-02-01,73000,7300,65700,0
000192,2025-02-01,56000,7300,48700,0
000193,2025-02-01,75000,10500,64500,0
000194,2025-02-01,487000,77900,409100,0
000198,2025-02-01,47000,7000,40000,0
000199,2025-02-01,33000,5000,28000,2
000200,2025-02-01,73000,8800,64200,0
000201,2025-02-01,227000,25000,202000,0
000202,2025-02-01,60000,6600,53400,0
000203,2025-02-01,139000,20800,118200,0
000204,2025-02-01,78000,8600,69400,0
000206,2025-02-01,73000,11000,62000,0
000207,2025-02-01,140000,22400,117600,0
000208,2025-02-01,32000,3800,28200,0
000209,2025-02-01,242000,38700,203300,0
000210,2025-02-01,42000,5500,36500,0
000211,2025-02-01,47000,7500,39500,0
000212,2025-02-01,32000,2900,29100,0
000213,2025-02-01,311000,37300,273700,0
000214,2025-02-01,43000,3900,39100,1
000215,2025-02-01,73000,6600,66400,0
000216,2025-02-01,70000,7000,63000,0
000220,2025-02-01,188000,30100,157900,0
000224,2025-02-01,136000,21800,114200,0
000225,2025-02-01,648000,64800,583200,0
000227,2025-02-01,132000,17200,114800,0
000228,2025-02-01,69000,6200,62800,0
000231,2025-02-01,85000,11900,73100,0
000232,2025-02-01,45000,4500,40500,0
000233,2025-02-01,481000,72200,408800,0
000236,2025-02-01,67000,5400,61600,0
000237,2025-02-01,198000,21800,176200,0
000238,2025-02-01,45000,5400,39600,0
000239,2025-02-01,31000,3700,27300,0
000241,2025-02-01,59000,8300,50700,0
000242,2025-02-01,81000,9700,71300,0
000243,2025-02-01,26000,2900,23100,0
000244,2025-02-01,152000,18200,133800,0
000245,2025-02-01,351000,56200,294800,0
000247,2025-02-01,184000,22100,161900,1
000249,2025-02-01,179000,17900,161100,0
000251,2025-02-01,129000,12900,116100,0
000252,2025-02-01,38000,3000,35000,0
000255,2025-02-01,67000,5400,61600,0
000256,2025-02-01,50000,4500,45500,0
000258,2025-02-01,192000,15400,176600,0
000259,2025-02-01,29000,2300,26700,0
000260,2025-02-01,28000,2500,25500,0
000261,2025-02-01,38000,4600,33400,0
000262,2025-02-01,91000,9100,81900,0
000263,2025-02-01,72000,6500,65500,0
000264,2025-02-01,199000,29800,169200,0
000265,2025-02-01,72000,11500,60500,0
000266,2025-02-01,26000,3400,22600,0
000267,2025-02-01,42000,5000,37000,0
000268,2025-02-01,127000,19000,108000,0
000270,2025-02-01,236000,18900,217100,0
000271,2025-02-01,145000,16000,129000,0
000272,2025-02-01,184000,27600,156400,0
000273,2025-02-01,50000,7000,43000,0
000275,2025-02-01,98000,10800,87200,0
000276,2025-02-01,46000,4100,41900,1
000278,2025-02-01,69000,11000,58000,2
000279,2025-02-01,29000,4600,24400,0
000280,2025-02-01,82000,10700,71300,0
000283,2025-02-01,83000,11600,71400,0
000284,2025-02-01,48000,5300,42700,1
000285,2025-02-01,33000,4300,28700,0
000286,2025-02-01,27000,4000,23000,0
000289,2025-02-01,43000,5600,37400,0
000290,2025-02-01,399000,59800,339200,0
000291,2025-02-01,52000,5200,46800,1
000292,2025-02-01,42000,6700,35300,0
000293,2025-02-01,225000,27000,198000,0
000294,2025-02-01,618000,92700,525300,0
000295,2025-02-01,55000,5000,50000,0
000297,2025-02-01,33000,4600,28400,0
000298,2025-02-01,430000,34400,395600,0
000300,2025-02-01,75000,9000,66000,0
000302,2025-02-01,27000,4300,22700,0
000303,2025-02-01,139000,16700,122300,0
000304,2025-02-01,51000,7100,43900,0
000306,2025-02-01,42000,4600,37400,0
000307,2025-02-01,69000,7600,61400,0
000308,2025-02-01,222000,31100,190900,0
000309,2025-02-01,113000,13600,99400,0
000310,2025-02-01,174000,17400,156600,1
000311,2025-02-01,682000,88700,593300,0
000312,2025-02-01,127000,14000,113000,0
000313,2025-02-01,89000,9800,79200,0
000314,2025-02-01,35000,5200,29800,0
000315,2025-02-01,134000,18800,115200,0
000316,2025-02-01,28000,3600,24400,0
000317,2025-02-01,63000,8200,54800,0
000319,2025-02-01,380000,53200,326800,0
000320,2025-02-01,107000,17100,89900,2
000321,2025-02-01,154000,13900,140100,0
000322,2025-02-01,68000,8200,59800,0
000323,2025-02-01,43000,5600,37400,0
000325,2025-02-01,49000,5900,43100,0
000326,2025-02-01,85000,8500,76500,0
000327,2025-02-01,150000,24000,126000,0
000328,2025-02-01,717000,57400,659600,0
000329,2025-02-01,136000,12200,123800,0
000330,2025-02-01,41000,4900,36100,0
000331,2025-02-01,40000,3200,36800,0
000332,2025-02-01,32000,5100,26900,0
000333,2025-02-01,58000,6400,51600,0
000334,2025-02-01,76000,11400,64600,0
000335,2025-02-01,46000,4600,41400,0
000336,2025-02-01,382000,30600,351400,0
000337,2025-02-01,80000,8800,71200,0
000338,2025-02-01,94000,8500,85500,0
000339,2025-02-01,31000,2800,28200,0
000340,2025-02-01,71000,10600,60400,0
000341,2025-02-01,63000,7600,55400,0
000342,2025-02-01,50000,5500,44500,0
000343,2025-02-01,379000,56800,322200,0
000344,2025-02-01,188000,26300,161700,0
000347,2025-02-01,132000,13200,118800,0
000349,2025-02-01,118000,11800,106200,0
000350,2025-02-01,121000,13300,107700,0
000351,2025-02-01,64000,5800,58200,0
000352,2025-02-01,65000,7800,57200,1
000353,2025-02-01,233000,21000,212000,0
000355,2025-02-01,132000,13200,118800,0
000356,2025-02-01,68000,9500,58500,0
000357,2025-02-01,45000,6800,38200,0
000358,2025-02-01,63000,6300,56700,0
000359,2025-02-01,27000,3200,23800,0
000361,2025-02-01,80000,12800,67200,0
000362,2025-02-01,54000,7000,47000,0
000363,2025-02-01,49000,7800,41200,1
000364,2025-02-01,59000,7700,51300,0
000365,2025-02-01,45000,6800,38200,0
000366,2025-02-01,198000,23800,174200,0
000367,2025-02-01,63000,8800,54200,0
000368,2025-02-01,114000,17100,96900,0
000369,2025-02-01,48000,4800,43200,0
000370,2025-02-01,46000,7400,38600,0
000371,2025-02-01,87000,11300,75700,0
000372,2025-02-01,137000,12300,124700,0
000373,2025-02-01,50000,5000,45000,0
000374,2025-02-01,77000,11600,65400,0
000375,2025-02-01,619000,68100,550900,1
000376,2025-02-01,45000,5000,40000,2
000377,2025-02-01,53000,7400,45600,0
000378,2025-02-01,50000,4500,45500,0
000379,2025-02-01,127000,10200,116800,0
000380,2025-02-01,148000,19200,128800,0
000381,2025-02-01,33000,3300,29700,0
000382,2025-02-01,105000,14700,90300,0
000383,2025-02-01,169000,27000,142000,0
000384,2025-02-01,145000,21800,123200,0
000385,2025-02-01,57000,5700,51300,0
000386,2025-02-01,126000,13900,112100,0
000387,2025-02-01,50000,4500,45500,0
000388,2025-02-01,42000,3400,38600,0
000389,2025-02-01,25000,4000,21000,0
000390,2025-02-01,407000,65100,341900,0
000392,2025-02-01,245000,36800,208200,0
000393,2025-02-01,34000,5400,28600,0
000394,2025-02-01,139000,20800,118200,0
000395,2025-02-01,135000,12200,122800,0
000396,2025-02-01,32000,5100,26900,0
000398,2025-02-01,145000,16000,129000,0
000399,2025-02-01,38000,3000,35000,0
000400,2025-02-01,50000,6000,44000,0
000401,2025-02-01,88000,8800,79200,0
000402,2025-02-01,33000,3600,29400,2
000403,2025-02-01,26000,4200,21800,0
000404,2025-02-01,58000,9300,48700,0
000405,2025-02-01,91000,13600,77400,0
000406,2025-02-01,242000,19400,222600,1
000407,2025-02-01,26000,2900,23100,0
000408,2025-02-01,45000,4500,40500,0
000409,2025-02-01,216000,28100,187900,0
000410,2025-02-01,77000,6200,70800,1
000411,2025-02-01,77000,6200,70800,0
000412,2025-02-01,25000,3500,21500,0
000415,2025-02-01,84000,7600,76400,0
000416,2025-02-01,55000,5500,49500,0
000417,2025-02-01,42000,3400,38600,0
000418,2025-02-01,62000,8100,53900,0
000419,2025-02-01,29000,3200,25800,0
000420,2025-02-01,109000,12000,97000,0
000421,2025-02-01,67000,5400,61600,0
000423,2025-02-01,65000,9100,55900,0
000424,2025-02-01,236000,33000,203000,0
000425,2025-02-01,47000,4200,42800,0
000427,2025-02-01,51000,6600,44400,0
000428,2025-02-01,76000,6100,69900,0
000430,2025-02-01,74000,5900,68100,0
000431,2025-02-01,55000,8800,46200,0
000433,2025-02-01,104000,8300,95700,0
000434,2025-02-01,150000,12000,138000,0
000435,2025-02-01,65000,6500,58500,0
000436,2025-02-01,94000,10300,83700,0
000437,2025-02-01,38000,5300,32700,3
000438,2025-02-01,80000,7200,72800,0
000439,2025-02-01,81000,8900,72100,0
000441,2025-02-01,62000,8100,53900,0
000442,2025-02-01,83000,12400,70600,0
000444,2025-02-01,52000,8300,43700,0
000445,2025-02-01,58000,9300,48700,0
000446,2025-02-01,69000,11000,58000,0
000447,2025-02-01,221000,30900,190100,0
000448,2025-02-01,53000,6400,46600,0
000449,2025-02-01,58000,9300,48700,0
000450,2025-02-01,70000,7700,62300,0
000452,2025-02-01,71000,7100,63900,0
000453,2025-02-01,131000,19600,111400,0
000454,2025-02-01,43000,3900,39100,0
000455,2025-02-01,128000,15400,112600,0
000458,2025-02-01,113000,10200,102800,0
000459,2025-02-01,382000,53500,328500,0
000462,2025-02-01,97000,13600,83400,0
000463,2025-02-01,29000,4100,24900,0
000464,2025-02-01,80000,6400,73600,0
000465,2025-02-01,56000,7300,48700,0
000466,2025-02-01,107000,13900,93100,1
000467,2025-02-01,55000,6000,49000,1
000468,2025-02-01,209000,29300,179700,0
000470,2025-02-01,66000,5300,60700,0
000471,2025-02-01,50000,6000,44000,0
000472,2025-02-01,69000,10400,58600,0
000474,2025-02-01,40000,6400,33600,0
000475,2025-02-01,48000,7200,40800,0
000476,2025-02-01,163000,16300,146700,0
000478,2025-02-01,50000,6000,44000,1
000479,2025-02-01,99000,15800,83200,0
000480,2025-02-01,57000,4600,52400,0
000481,2025-02-01,81000,9700,71300,0
000482,2025-02-01,86000,6900,79100,0
000483,2025-02-01,198000,25700,172300,0
000484,2025-02-01,108000,16200,91800,0
000485,2025-02-01,64000,9600,54400,0
000486,2025-02-01,223000,35700,187300,0
000487,2025-02-01,48000,4300,43700,0
000488,2025-02-01,75000,9800,65200,0
000490,2025-02-01,172000,20600,151400,1
000491,2025-02-01,117000,17600,99400,0
000492,2025-02-01,46000,4600,41400,0
000493,2025-02-01,176000,19400,156600,0
000494,2025-02-01,71000,11400,59600,0
000495,2025-02-01,89000,7100,81900,0
000496,2025-02-01,282000,33800,248200,0
000497,2025-02-01,29000,3800,25200,2
000498,2025-02-01,47000,5200,41800,0
000499,2025-02-01,32000,4800,27200,0
000500,2025-02-01,36000,4000,32000,0
000501,2025-02-01,60000,8400,51600,0
000502,2025-02-01,150000,18000,132000,0
000503,2025-02-01,39000,5100,33900,0
000506,2025-02-01,60000,7800,52200,0
000507,2025-02-01,103000,8200,94800,0
000508,2025-02-01,40000,4000,36000,0
000510,2025-02-01,98000,10800,87200,1
000511,2025-02-01,72000,11500,60500,0
000512,2025-02-01,95000,10400,84600,0
000513,2025-02-01,70000,7000,63000,0
000514,2025-02-01,32000,2900,29100,0
000515,2025-02-01,29000,3200,25800,1
000517,2025-02-01,56000,9000,47000,0
000519,2025-02-01,52000,4700,47300,0
000520,2025-02-01,223000,17800,205200,0
000521,2025-02-01,72000,11500,60500,0
000523,2025-02-01,37000,4400,32600,0
000524,2025-02-01,45000,5800,39200,1
000525,2025-02-01,50000,4500,45500,0
000526,2025-02-01,61000,8500,52500,0
000527,2025-02-01,79000,12600,66400,0
000528,2025-02-01,113000,17000,96000,0
000529,2025-02-01,50000,7000,43000,0
000530,2025-02-01,94000,9400,84600,0
000531,2025-02-01,49000,6900,42100,1
000532,2025-02-01,130000,15600,114400,0
000533,2025-02-01,53000,4800,48200,0
000534,2025-02-01,55000,5500,49500,0
000536,2025-02-01,53000,5800,47200,0
000537,2025-02-01,58000,4600,53400,0
000539,2025-02-01,104000,16600,87400,0
000540,2025-02-01,110000,9900,100100,0
000541,2025-02-01,84000,11800,72200,0
000542,2025-02-01,52000,4700,47300,0
000544,2025-02-01,33000,4600,28400,0
000545,2025-02-01,66000,9200,56800,1
000547,2025-02-01,248000,29800,218200,0
000548,2025-02-01,40000,5200,34800,0
000549,2025-02-01,124000,9900,114100,0
000550,2025-02-01,415000,62200,352800,0
000551,2025-02-01,67000,9400,57600,1
000552,2025-02-01,150000,15000,135000,0
000553,2025-02-01,26000,4200,21800,0
000554,2025-02-01,55000,7200,47800,0
000555,2025-02-01,96000,12500,83500,0
000556,2025-02-01,75000,9000,66000,0
000557,2025-02-01,27000,3200,23800,1
000558,2025-02-01,53000,8500,44500,0
000559,2025-02-01,228000,31900,196100,0
000560,2025-02-01,140000,14000,126000,0
000561,2025-02-01,68000,7500,60500,1
000562,2025-02-01,227000,29500,197500,0
000563,2025-02-01,64000,5800,58200,0
000564,2025-02-01,39000,4300,34700,0
000565,2025-02-01,147000,17600,129400,0
000567,2025-02-01,129000,14200,114800,2
000568,2025-02-01,102000,11200,90800,0
000569,2025-02-01,728000,72800,655200,0
000571,2025-02-01,38000,6100,31900,0
000572,2025-02-01,50000,7500,42500,0
000574,2025-02-01,83000,9100,73900,0
000575,2025-02-01,83000,11600,71400,0
000576,2025-02-01,73000,11000,62000,0
000577,2025-02-01,136000,12200,123800,0
000578,2025-02-01,59000,7100,51900,0
000579,2025-02-01,122000,14600,107400,0
000580,2025-02-01,51000,6600,44400,0
000581,2025-02-01,203000,22300,180700,0
000582,2025-02-01,70000,11200,58800,0
000583,2025-02-01,82000,13100,68900,0
000584,2025-02-01,49000,6400,42600,0
000585,2025-02-01,52000,4700,47300,0
000587,2025-02-01,45000,5800,39200,1
000588,2025-02-01,30000,2400,27600,0
000589,2025-02-01,74000,8100,65900,1
000591,2025-02-01,48000,5300,42700,0
000592,2025-02-01,42000,4200,37800,0
000593,2025-02-01,32000,4800,27200,0
000594,2025-02-01,71000,6400,64600,0
000595,2025-02-01,78000,8600,69400,1
000597,2025-02-01,44000,7000,37000,0
000598,2025-02-01,80000,6400,73600,0
000599,2025-02-01,40000,5600,34400,0
000600,2025-02-01,54000,7000,47000,0
000101,2025-03-01,42000,4200,37800,0
000102,2025-03-01,33000,4000,29000,0
000104,2025-03-01,170000,23800,146200,0
000105,2025-03-01,110000,13200,96800,0
000106,2025-03-01,81000,9700,71300,0
000107,2025-03-01,48000,5300,42700,0
000110,2025-03-01,304000,45600,258400,0
000113,2025-03-01,31000,4000,27000,1
000114,2025-03-01,76000,11400,64600,0
000115,2025-03-01,177000,24800,152200,0
000116,2025-03-01,54000,6500,47500,0
000118,2025-03-01,36000,5000,31000,0
000119,2025-03-01,57000,6800,50200,0
000120,2025-03-01,25000,3800,21200,0
000121,2025-03-01,360000,28800,331200,0
000122,2025-03-01,172000,22400,149600,0
000123,2025-03-01,141000,21200,119800,0
000124,2025-03-01,28000,2800,25200,0
000126,2025-03-01,76000,6800,69200,0
000127,2025-03-01,50000,6500,43500,1
000128,2025-03-01,65000,5200,59800,0
000129,2025-03-01,29000,3800,25200,0
000131,2025-03-01,66000,10600,55400,1
000132,2025-03-01,132000,14500,117500,0
000133,2025-03-01,50000,5000,45000,0
000134,2025-03-01,71000,7800,63200,0
000135,2025-03-01,26000,3400,22600,0
000136,2025-03-01,54000,5900,48100,0
000137,2025-03-01,44000,3500,40500,1
000139,2025-03-01,129000,20600,108400,0
000141,2025-03-01,185000,18500,166500,0
000143,2025-03-01,123000,13500,109500,0
000144,2025-03-01,121000,16900,104100,0
000146,2025-03-01,203000,24400,178600,0
000147,2025-03-01,110000,17600,92400,0
000148,2025-03-01,46000,6400,39600,0
000149,2025-03-01,119000,19000,100000,0
000150,2025-03-01,51000,7100,43900,0
000151,2025-03-01,36000,4300,31700,0
000152,2025-03-01,49000,3900,45100,0
000153,2025-03-01,145000,13000,132000,0
000156,2025-03-01,113000,17000,96000,0
000157,2025-03-01,56000,6200,49800,0
000158,2025-03-01,74000,11100,62900,2
000159,2025-03-01,35000,5600,29400,0
000160,2025-03-01,59000,8800,50200,0
000161,2025-03-01,39000,6200,32800,0
000162,2025-03-01,245000,19600,225400,0
000164,2025-03-01,80000,10400,69600,0
000165,2025-03-01,218000,26200,191800,0
000166,2025-03-01,91000,8200,82800,0
000167,2025-03-01,76000,11400,64600,0
000168,2025-03-01,128000,17900,110100,0
000169,2025-03-01,394000,43300,350700,0
000170,2025-03-01,86000,12000,74000,0
000171,2025-03-01,140000,14000,126000,0
000173,2025-03-01,45000,6300,38700,0
000174,2025-03-01,237000,26100,210900,0
000175,2025-03-01,246000,39400,206600,0
000176,2025-03-01,137000,15100,121900,0
000178,2025-03-01,89000,14200,74800,0
000179,2025-03-01,122000,11000,111000,0
000180,2025-03-01,41000,3700,37300,1
000181,2025-03-01,75000,7500,67500,0
000182,2025-03-01,178000,19600,158400,0
000183,2025-03-01,59000,4700,54300,0
000184,2025-03-01,362000,57900,304100,0
000185,2025-03-01,82000,13100,68900,0
000186,2025-03-01,337000,30300,306700,0
000187,2025-03-01,125000,15000,110000,0
000188,2025-03-01,131000,17000,114000,0
000189,2025-03-01,111000,13300,97700,0
000190,2025-03-01,60000,7800,52200,0
000191,2025-03-01,73000,11000,62000,0
000192,2025-03-01,56000,5600,50400,0
000193,2025-03-01,75000,11200,63800,0
000194,2025-03-01,487000,48700,438300,0
000198,2025-03-01,47000,3800,43200,0
000199,2025-03-01,33000,3000,30000,0
000200,2025-03-01,73000,5800,67200,0
000201,2025-03-01,227000,20400,206600,0
000202,2025-03-01,60000,6600,53400,0
000203,2025-03-01,139000,15300,123700,0
000204,2025-03-01,78000,10900,67100,0
000206,2025-03-01,73000,10200,62800,0
000207,2025-03-01,140000,15400,124600,1
000208,2025-03-01,32000,3500,28500,0
000209,2025-03-01,242000,21800,220200,0
000210,2025-03-01,42000,5900,36100,0
000211,2025-03-01,47000,5600,41400,0
000212,2025-03-01,32000,4800,27200,2
000213,2025-03-01,311000,34200,276800,0
000214,2025-03-01,43000,4300,38700,2
000215,2025-03-01,73000,5800,67200,0
000216,2025-03-01,70000,5600,64400,0
000220,2025-03-01,188000,26300,161700,0
000224,2025-03-01,136000,21800,114200,0
000225,2025-03-01,648000,90700,557300,0
000227,2025-03-01,132000,19800,112200,0
000228,2025-03-01,69000,9000,60000,0
000231,2025-03-01,85000,9400,75600,0
000232,2025-03-01,45000,5400,39600,1
000233,2025-03-01,481000,77000,404000,0
000236,2025-03-01,67000,8000,59000,0
000237,2025-03-01,198000,27700,170300,0
000238,2025-03-01,45000,5800,39200,0
000239,2025-03-01,31000,4000,27000,0
000241,2025-03-01,59000,9400,49600,0
000242,2025-03-01,81000,8900,72100,0
000243,2025-03-01,26000,2100,23900,0
000244,2025-03-01,152000,16700,135300,0
000245,2025-03-01,351000,31600,319400,0
000247,2025-03-01,184000,29400,154600,1
000249,2025-03-01,179000,14300,164700,1
000251,2025-03-01,129000,18100,110900,0
000252,2025-03-01,38000,4600,33400,0
000253,2025-03-01,185000,14800,170200,0
000255,2025-03-01,67000,10000,57000,0
000256,2025-03-01,50000,8000,42000,0
000258,2025-03-01,192000,15400,176600,0
000259,2025-03-01,29000,2900,26100,0
000260,2025-03-01,28000,3900,24100,0
000261,2025-03-01,38000,5700,32300,0
000262,2025-03-01,91000,8200,82800,0
000263,2025-03-01,72000,7900,64100,0
000264,2025-03-01,199000,25900,173100,0
000265,2025-03-01,72000,9400,62600,0
000266,2025-03-01,26000,3400,22600,0
000267,2025-03-01,42000,5900,36100,0
000268,2025-03-01,127000,10200,116800,0
000270,2025-03-01,236000,37800,198200,0
000271,2025-03-01,145000,14500,130500,0
000272,2025-03-01,184000,20200,163800,0
000273,2025-03-01,50000,4000,46000,0
000275,2025-03-01,98000,8800,89200,0
000276,2025-03-01,46000,4100,41900,0
000278,2025-03-01,69000,6200,62800,0
000279,2025-03-01,29000,2600,26400,1
000280,2025-03-01,82000,6600,75400,0
000283,2025-03-01,83000,9100,73900,0
000284,2025-03-01,48000,5300,42700,0
000285,2025-03-01,33000,3600,29400,0
000286,2025-03-01,27000,3200,23800,0
000289,2025-03-01,43000,4300,38700,0
000290,2025-03-01,399000,55900,343100,0
000291,2025-03-01,52000,5700,46300,0
000292,2025-03-01,42000,6300,35700,0
000293,2025-03-01,225000,29200,195800,0
000294,2025-03-01,618000,92700,525300,0
000295,2025-03-01,55000,5500,49500,0
000297,2025-03-01,33000,4600,28400,0
000298,2025-03-01,430000,60200,369800,0
000300,2025-03-01,75000,9000,66000,0
000302,2025-03-01,27000,4300,22700,0
000303,2025-03-01,139000,16700,122300,0
000304,2025-03-01,51000,6100,44900,0
000306,2025-03-01,42000,3800,38200,0
000307,2025-03-01,69000,10400,58600,0
000308,2025-03-01,222000,28900,193100,0
000309,2025-03-01,113000,9000,104000,0
000310,2025-03-01,174000,22600,151400,0
000311,2025-03-01,682000,95500,586500,0
000312,2025-03-01,127000,11400,115600,0
000313,2025-03-01,89000,8900,80100,0
000314,2025-03-01,35000,2800,32200,0
000315,2025-03-01,134000,18800,115200,0
000316,2025-03-01,28000,3100,24900,0
000317,2025-03-01,63000,8200,54800,0
000319,2025-03-01,380000,30400,349600,0
000320,2025-03-01,107000,17100,89900,2
000321,2025-03-01,154000,18500,135500,0
000322,2025-03-01,68000,5400,62600,1
000323,2025-03-01,43000,5200,37800,0
000325,2025-03-01,49000,7800,41200,0
000326,2025-03-01,85000,8500,76500,0
000327,2025-03-01,150000,12000,138000,0
000328,2025-03-01,717000,71700,645300,2
000329,2025-03-01,136000,13600,122400,0
000330,2025-03-01,41000,4500,36500,0
000331,2025-03-01,40000,3600,36400,0
000332,2025-03-01,32000,4500,27500,0
000333,2025-03-01,58000,9300,48700,0
000334,2025-03-01,76000,11400,64600,0
000335,2025-03-01,46000,7400,38600,0
000336,2025-03-01,382000,57300,324700,0
000337,2025-03-01,80000,8800,71200,0
000338,2025-03-01,94000,9400,84600,0
000339,2025-03-01,31000,4300,26700,0
000340,2025-03-01,71000,9900,61100,0
000341,2025-03-01,63000,8200,54800,0
000342,2025-03-01,50000,4000,46000,0
000343,2025-03-01,379000,41700,337300,0
000344,2025-03-01,188000,15000,173000,0
000346,2025-03-01,90000,8100,81900,0
000347,2025-03-01,132000,14500,117500,0
000349,2025-03-01,118000,10600,107400,0
000350,2025-03-01,121000,16900,104100,0
000351,2025-03-01,64000,9600,54400,0
000352,2025-03-01,65000,9100,55900,0
000353,2025-03-01,233000,37300,195700,0
000355,2025-03-01,132000,11900,120100,0
000356,2025-03-01,68000,9500,58500,0
000357,2025-03-01,45000,5800,39200,0
000358,2025-03-01,63000,9400,53600,0
000359,2025-03-01,27000,3800,23200,0
000361,2025-03-01,80000,11200,68800,0
000362,2025-03-01,54000,8100,45900,0
000363,2025-03-01,49000,6400,42600,0
000364,2025-03-01,59000,5300,53700,0
000365,2025-03-01,45000,7200,37800,0
000366,2025-03-01,198000,17800,180200,0
000367,2025-03-01,63000,7600,55400,0
000368,2025-03-01,114000,17100,96900,0
000369,2025-03-01,48000,3800,44200,0
000370,2025-03-01,46000,6000,40000,0
000371,2025-03-01,87000,11300,75700,0
000372,2025-03-01,137000,16400,120600,0
000373,2025-03-01,50000,6000,44000,0
000374,2025-03-01,77000,6200,70800,0
000375,2025-03-01,619000,49500,569500,0
000376,2025-03-01,45000,3600,41400,0
000377,2025-03-01,53000,5300,47700,0
000378,2025-03-01,50000,5000,45000,0
000379,2025-03-01,127000,15200,111800,0
000380,2025-03-01,148000,16300,131700,0
000381,2025-03-01,33000,5300,27700,1
000382,2025-03-01,105000,13600,91400,0
000383,2025-03-01,169000,15200,153800,0
000384,2025-03-01,145000,13000,132000,0
000385,2025-03-01,57000,6800,50200,0
000386,2025-03-01,126000,15100,110900,0
000387,2025-03-01,50000,4500,45500,0
000388,2025-03-01,42000,3800,38200,0
000389,2025-03-01,25000,3000,22000,0
000390,2025-03-01,407000,44800,362200,0
000392,2025-03-01,245000,36800,208200,0
000393,2025-03-01,34000,4100,29900,0
000394,2025-03-01,139000,16700,122300,0
000395,2025-03-01,135000,18900,116100,0
000396,2025-03-01,32000,3800,28200,1
000398,2025-03-01,145000,20300,124700,0
000399,2025-03-01,38000,5700,32300,0
000400,2025-03-01,50000,6500,43500,0
000401,2025-03-01,88000,11400,76600,0
000402,2025-03-01,33000,5000,28000,0
000403,2025-03-01,26000,3400,22600,0
000404,2025-03-01,58000,9300,48700,0
000405,2025-03-01,91000,11800,79200,0
000406,2025-03-01,242000,36300,205700,0
000407,2025-03-01,26000,3600,22400,0
000408,2025-03-01,45000,4000,41000,0
000409,2025-03-01,216000,28100,187900,0
000410,2025-03-01,77000,12300,64700,0
000411,2025-03-01,77000,10000,67000,0
000412,2025-03-01,25000,2500,22500,0
000415,2025-03-01,84000,10900,73100,0
000416,2025-03-01,55000,4400,50600,0
000417,2025-03-01,42000,6300,35700,0
000418,2025-03-01,62000,9900,52100,2
000419,2025-03-01,29000,2600,26400,0
000420,2025-03-01,109000,9800,99200,0
000421,2025-03-01,67000,6700,60300,0
000423,2025-03-01,65000,9100,55900,0
000424,2025-03-01,236000,26000,210000,0
000425,2025-03-01,47000,6100,40900,0
000427,2025-03-01,51000,6600,44400,0
000428,2025-03-01,76000,8400,67600,0
000430,2025-03-01,74000,11100,62900,0
000431,2025-03-01,55000,5500,49500,0
000433,2025-03-01,104000,12500,91500,1
000434,2025-03-01,150000,22500,127500,0
000435,2025-03-01,65000,5800,59200,0
000436,2025-03-01,94000,13200,80800,0
000437,2025-03-01,38000,4200,33800,0
000438,2025-03-01,80000,7200,72800,0
000439,2025-03-01,81000,6500,74500,0
000441,2025-03-01,62000,9300,52700,0
000442,2025-03-01,83000,6600,76400,0
000444,2025-03-01,52000,7300,44700,0
000445,2025-03-01,58000,5800,52200,0
000446,2025-03-01,69000,7600,61400,0
000447,2025-03-01,221000,24300,196700,0
000448,2025-03-01,53000,4200,48800,0
000450,2025-03-01,70000,7700,62300,0
000452,2025-03-01,71000,7800,63200,0
000453,2025-03-01,131000,21000,110000,0
000454,2025-03-01,43000,5600,37400,0
000455,2025-03-01,128000,14100,113900,0
000457,2025-03-01,50000,4000,46000,0
000459,2025-03-01,382000,53500,328500,0
000462,2025-03-01,97000,13600,83400,0
000463,2025-03-01,29000,3500,25500,0
000464,2025-03-01,80000,12800,67200,0
000465,2025-03-01,56000,4500,51500,0
000467,2025-03-01,55000,4400,50600,0
000468,2025-03-01,209000,33400,175600,0
000470,2025-03-01,66000,5900,60100,0
000471,2025-03-01,50000,4500,45500,0
000472,2025-03-01,69000,9000,60000,0
000474,2025-03-01,40000,6000,34000,0
000475,2025-03-01,48000,4300,43700,0
000476,2025-03-01,163000,17900,145100,0
000478,2025-03-01,50000,7500,42500,0
000479,2025-03-01,99000,11900,87100,0
000480,2025-03-01,57000,5700,51300,0
000481,2025-03-01,81000,8900,72100,0
000482,2025-03-01,86000,10300,75700,0
000483,2025-03-01,198000,23800,174200,0
000484,2025-03-01,108000,13000,95000,0
000485,2025-03-01,64000,6400,57600,0
000486,2025-03-01,223000,31200,191800,0
000487,2025-03-01,48000,5300,42700,0
000488,2025-03-01,75000,6000,69000,0
000490,2025-03-01,172000,27500,144500,0
000491,2025-03-01,117000,11700,105300,0
000492,2025-03-01,46000,7400,38600,2
000493,2025-03-01,176000,26400,149600,0
000494,2025-03-01,71000,10600,60400,0
000495,2025-03-01,89000,7100,81900,0
000496,2025-03-01,282000,31000,251000,0
000497,2025-03-01,29000,3500,25500,0
000498,2025-03-01,47000,4200,42800,0
000499,2025-03-01,32000,4800,27200,0
000500,2025-03-01,36000,2900,33100,0
000501,2025-03-01,60000,9600,50400,0
000502,2025-03-01,150000,19500,130500,0
000503,2025-03-01,39000,3500,35500,0
000506,2025-03-01,60000,7200,52800,1
000507,2025-03-01,103000,16500,86500,0
000508,2025-03-01,40000,3200,36800,0
000510,2025-03-01,98000,10800,87200,0
000511,2025-03-01,72000,7900,64100,0
000512,2025-03-01,95000,9500,85500,0
000513,2025-03-01,70000,11200,58800,0
000514,2025-03-01,32000,2900,29100,0
000515,2025-03-01,29000,3500,25500,1
000517,2025-03-01,56000,8400,47600,0
000519,2025-03-01,52000,4200,47800,0
000520,2025-03-01,223000,24500,198500,0
000521,2025-03-01,72000,10800,61200,0
000523,2025-03-01,37000,4100,32900,0
000524,2025-03-01,45000,3600,41400,0
000525,2025-03-01,50000,4500,45500,0
000526,2025-03-01,61000,6700,54300,0
000527,2025-03-01,79000,11800,67200,0
000528,2025-03-01,113000,15800,97200,3
000529,2025-03-01,50000,5000,45000,0
000530,2025-03-01,94000,11300,82700,0
000531,2025-03-01,49000,7800,41200,1
000532,2025-03-01,130000,20800,109200,0
000533,2025-03-01,53000,4800,48200,0
000534,2025-03-01,55000,8200,46800,2
000536,2025-03-01,53000,8500,44500,0
000537,2025-03-01,58000,5200,52800,0
000539,2025-03-01,104000,9400,94600,0
000540,2025-03-01,110000,17600,92400,1
000541,2025-03-01,84000,7600,76400,0
000542,2025-03-01,52000,8300,43700,0
000544,2025-03-01,33000,5000,28000,0
000545,2025-03-01,66000,7300,58700,0
000546,2025-03-01,36000,3600,32400,0
000547,2025-03-01,248000,24800,223200,0
000548,2025-03-01,40000,4000,36000,0
000549,2025-03-01,124000,18600,105400,0
000550,2025-03-01,415000,49800,365200,0
000551,2025-03-01,67000,8000,59000,0
000552,2025-03-01,150000,19500,130500,0
000553,2025-03-01,26000,3100,22900,0
000554,2025-03-01,55000,7700,47300,0
000555,2025-03-01,96000,7700,88300,0
000556,2025-03-01,75000,7500,67500,2
000557,2025-03-01,27000,2200,24800,2
000558,2025-03-01,53000,6400,46600,0
000559,2025-03-01,228000,29600,198400,0
000560,2025-03-01,140000,22400,117600,0
000561,2025-03-01,68000,7500,60500,0
000562,2025-03-01,227000,27200,199800,0
000563,2025-03-01,64000,8300,55700,0
000564,2025-03-01,39000,5800,33200,0
000565,2025-03-01,147000,20600,126400,1
000567,2025-03-01,129000,19400,109600,0
000568,2025-03-01,102000,14300,87700,0
000569,2025-03-01,728000,94600,633400,0
000571,2025-03-01,38000,4600,33400,0
000572,2025-03-01,50000,4500,45500,0
000574,2025-03-01,83000,11600,71400,0
000575,2025-03-01,83000,10000,73000,0
000576,2025-03-01,73000,11000,62000,0
000577,2025-03-01,136000,16300,119700,0
000578,2025-03-01,59000,4700,54300,0
000579,2025-03-01,122000,15900,106100,0
000580,2025-03-01,51000,7600,43400,1
000581,2025-03-01,203000,26400,176600,0
000582,2025-03-01,70000,9100,60900,0
000583,2025-03-01,82000,9800,72200,0
000584,2025-03-01,49000,3900,45100,0
000585,2025-03-01,52000,7300,44700,0
000587,2025-03-01,45000,3600,41400,0
000588,2025-03-01,30000,4800,25200,0
000589,2025-03-01,74000,5900,68100,0
000591,2025-03-01,48000,6200,41800,1
000592,2025-03-01,42000,5500,36500,0
000593,2025-03-01,32000,2900,29100,0
000594,2025-03-01,71000,11400,59600,2
000595,2025-03-01,78000,7000,71000,0
000597,2025-03-01,44000,4800,39200,0
000598,2025-03-01,80000,11200,68800,0
000599,2025-03-01,40000,4000,36000,0
000600,2025-03-01,54000,7000,47000,0
000101,2025-04-01,42000,5900,36100,0
000102,2025-04-01,33000,4000,29000,0
000104,2025-04-01,170000,13600,156400,0
000105,2025-04-01,110000,11000,99000,0
000106,2025-04-01,81000,10500,70500,0
000107,2025-04-01,48000,5300,42700,0
000110,2025-04-01,304000,39500,264500,0
000113,2025-04-01,31000,3100,27900,0
000114,2025-04-01,76000,9100,66900,0
000115,2025-04-01,177000,14200,162800,0
000116,2025-04-01,54000,4900,49100,0
000117,2025-04-01,47000,5200,41800,0
000118,2025-04-01,36000,3600,32400,0
000119,2025-04-01,57000,6300,50700,0
000120,2025-04-01,25000,3800,21200,0
000121,2025-04-01,360000,28800,331200,0
000122,2025-04-01,172000,18900,153100,0
000123,2025-04-01,141000,19700,121300,0
000124,2025-04-01,28000,2500,25500,0
000126,2025-04-01,76000,12200,63800,0
000127,2025-04-01,50000,4500,45500,0
000128,2025-04-01,65000,8400,56600,1
000129,2025-04-01,29000,3200,25800,0
000131,2025-04-01,66000,10600,55400,0
000132,2025-04-01,132000,11900,120100,0
000133,2025-04-01,50000,7000,43000,1
000134,2025-04-01,71000,6400,64600,0
000135,2025-04-01,26000,2300,23700,0
000136,2025-04-01,54000,6500,47500,0
000137,2025-04-01,44000,6200,37800,0
000139,2025-04-01,129000,15500,113500,0
000141,2025-04-01,185000,14800,170200,0
000143,2025-04-01,123000,9800,113200,0
000144,2025-04-01,121000,18200,102800,0
000146,2025-04-01,203000,22300,180700,0
000147,2025-04-01,110000,14300,95700,0
000148,2025-04-01,46000,6400,39600,0
000149,2025-04-01,119000,11900,107100,0
000150,2025-04-01,51000,5100,45900,0
000151,2025-04-01,36000,3600,32400,0
000152,2025-04-01,49000,6900,42100,0
000153,2025-04-01,145000,17400,127600,0
000156,2025-04-01,113000,9000,104000,0
000157,2025-04-01,56000,4500,51500,0
000158,2025-04-01,74000,10400,63600,0
000159,2025-04-01,35000,5600,29400,0
000160,2025-04-01,59000,7700,51300,0
000161,2025-04-01,39000,3500,35500,0
000162,2025-04-01,245000,34300,210700,0
000164,2025-04-01,80000,8000,72000,0
000165,2025-04-01,218000,17400,200600,0
000166,2025-04-01,91000,10900,80100,0
000167,2025-04-01,76000,9900,66100,0
000168,2025-04-01,128000,11500,116500,1
000169,2025-04-01,394000,43300,350700,0
000170,2025-04-01,86000,8600,77400,0
000171,2025-04-01,140000,12600,127400,0
000173,2025-04-01,45000,4000,41000,0
000174,2025-04-01,237000,28400,208600,0
000175,2025-04-01,246000,39400,206600,0
000176,2025-04-01,137000,16400,120600,0
000178,2025-04-01,89000,12500,76500,0
000179,2025-04-01,122000,9800,112200,0
000180,2025-04-01,41000,3300,37700,0
000181,2025-04-01,75000,6000,69000,0
000182,2025-04-01,178000,19600,158400,0
000183,2025-04-01,59000,8800,50200,0
000184,2025-04-01,362000,50700,311300,0
000185,2025-04-01,82000,9800,72200,0
000186,2025-04-01,337000,40400,296600,0
000187,2025-04-01,125000,16200,108800,0
000188,2025-04-01,131000,15700,115300,0
000189,2025-04-01,111000,17800,93200,0
000190,2025-04-01,60000,7800,52200,0
000191,2025-04-01,73000,9500,63500,0
000192,2025-04-01,56000,9000,47000,0
000193,2025-04-01,75000,11200,63800,0
000194,2025-04-01,487000,58400,428600,0
000195,2025-04-01,98000,14700,83300,0
000198,2025-04-01,47000,4200,42800,0
000199,2025-04-01,33000,3300,29700,2
000200,2025-04-01,73000,11700,61300,0
000201,2025-04-01,227000,25000,202000,0
000202,2025-04-01,60000,7800,52200,0
000203,2025-04-01,139000,22200,116800,0
000204,2025-04-01,78000,10100,67900,0
000206,2025-04-01,73000,11700,61300,0
000207,2025-04-01,140000,14000,126000,0
000208,2025-04-01,32000,3500,28500,0
000209,2025-04-01,242000,24200,217800,0
000210,2025-04-01,42000,5900,36100,0
000211,2025-04-01,47000,6600,40400,0
000212,2025-04-01,32000,4500,27500,0
000213,2025-04-01,311000,31100,279900,0
000214,2025-04-01,43000,3900,39100,0
000215,2025-04-01,73000,8800,64200,0
000216,2025-04-01,70000,6300,63700,0
000220,2025-04-01,188000,18800,169200,0
000224,2025-04-01,136000,15000,121000,0
000225,2025-04-01,648000,90700,557300,0
000227,2025-04-01,132000,17200,114800,0
000228,2025-04-01,69000,8300,60700,0
000231,2025-04-01,85000,8500,76500,0
000232,2025-04-01,45000,5400,39600,0
000233,2025-04-01,481000,43300,437700,0
000234,2025-04-01,97000,14600,82400,0
000236,2025-04-01,67000,6000,61000,0
000237,2025-04-01,198000,19800,178200,0
000238,2025-04-01,45000,5800,39200,0
000239,2025-04-01,31000,2500,28500,0
000241,2025-04-01,59000,5300,53700,0
000242,2025-04-01,81000,8100,72900,0
000243,2025-04-01,26000,3900,22100,0
000244,2025-04-01,152000,13700,138300,0
000245,2025-04-01,351000,45600,305400,0
000247,2025-04-01,184000,27600,156400,0
000249,2025-04-01,179000,25100,153900,0
000251,2025-04-01,129000,15500,113500,0
000252,2025-04-01,38000,4600,33400,0
000253,2025-04-01,185000,22200,162800,0
000255,2025-04-01,67000,6000,61000,2
000256,2025-04-01,50000,7500,42500,0
000258,2025-04-01,192000,23000,169000,0
000259,2025-04-01,29000,4400,24600,0
000260,2025-04-01,28000,3900,24100,0
000261,2025-04-01,38000,5300,32700,0
000262,2025-04-01,91000,8200,82800,0
000263,2025-04-01,72000,7900,64100,0
000264,2025-04-01,199000,27900,171100,0
000265,2025-04-01,72000,5800,66200,0
000266,2025-04-01,26000,3900,22100,0
000267,2025-04-01,42000,5900,36100,0
000268,2025-04-01,127000,17800,109200,0
000270,2025-04-01,236000,23600,212400,0
000271,2025-04-01,145000,13000,132000,0
000272,2025-04-01,184000,14700,169300,0
000273,2025-04-01,50000,6000,44000,0
000275,2025-04-01,98000,12700,85300,0
000276,2025-04-01,46000,6900,39100,2
000278,2025-04-01,69000,8300,60700,0
000279,2025-04-01,29000,4600,24400,0
000280,2025-04-01,82000,10700,71300,0
000283,2025-04-01,83000,8300,74700,0
000284,2025-04-01,48000,6200,41800,0
000285,2025-04-01,33000,3600,29400,0
000286,2025-04-01,27000,2400,24600,0
000289,2025-04-01,43000,6400,36600,0
000290,2025-04-01,399000,43900,355100,0
000291,2025-04-01,52000,6800,45200,0
000292,2025-04-01,42000,5500,36500,0
000293,2025-04-01,225000,29200,195800,0
000294,2025-04-01,618000,74200,543800,0
000295,2025-04-01,55000,8800,46200,1
000297,2025-04-01,33000,3300,29700,0
000298,2025-04-01,430000,47300,382700,0
000300,2025-04-01,75000,10500,64500,0
000302,2025-04-01,27000,3500,23500,0
000303,2025-04-01,139000,19500,119500,0
000304,2025-04-01,51000,6100,44900,0
000306,2025-04-01,42000,5500,36500,0
000307,2025-04-01,69000,5500,63500,3
000308,2025-04-01,222000,26600,195400,0
000309,2025-04-01,113000,12400,100600,0
000310,2025-04-01,174000,19100,154900,0
000311,2025-04-01,682000,54600,627400,0
000312,2025-04-01,127000,19000,108000,0
000313,2025-04-01,89000,9800,79200,0
000314,2025-04-01,35000,4900,30100,0
000315,2025-04-01,134000,18800,115200,0
000316,2025-04-01,28000,3600,24400,0
000317,2025-04-01,63000,8200,54800,0
000319,2025-04-01,380000,41800,338200,0
000320,2025-04-01,107000,10700,96300,0
000321,2025-04-01,154000,16900,137100,0
000322,2025-04-01,68000,6100,61900,0
000323,2025-04-01,43000,6900,36100,2
000325,2025-04-01,49000,4400,44600,0
000326,2025-04-01,85000,11000,74000,0
000327,2025-04-01,150000,24000,126000,0
000328,2025-04-01,717000,86000,631000,0
000329,2025-04-01,136000,20400,115600,0
000330,2025-04-01,41000,4100,36900,0
000331,2025-04-01,40000,3200,36800,0
000332,2025-04-01,32000,3200,28800,0
000333,2025-04-01,58000,7000,51000,0
000334,2025-04-01,76000,6100,69900,0
000335,2025-04-01,46000,4600,41400,0
000336,2025-04-01,382000,57300,324700,2
000337,2025-04-01,80000,9600,70400,0
000338,2025-04-01,94000,15000,79000,0
000339,2025-04-01,31000,5000,26000,1
000340,2025-04-01,71000,5700,65300,2
000341,2025-04-01,63000,8200,54800,2
000342,2025-04-01,50000,4500,45500,0
000343,2025-04-01,379000,37900,341100,0
000344,2025-04-01,188000,18800,169200,0
000346,2025-04-01,90000,13500,76500,0
000347,2025-04-01,132000,11900,120100,0
000349,2025-04-01,118000,16500,101500,1
000350,2025-04-01,121000,18200,102800,0
000351,2025-04-01,64000,5800,58200,0
000352,2025-04-01,65000,9100,55900,0
000353,2025-04-01,233000,23300,209700,0
000355,2025-04-01,132000,17200,114800,0
000356,2025-04-01,68000,8800,59200,2
000357,2025-04-01,45000,5400,39600,0
000358,2025-04-01,63000,10100,52900,0
000359,2025-04-01,27000,2700,24300,0
000361,2025-04-01,80000,6400,73600,0
000362,2025-04-01,54000,4300,49700,0
000363,2025-04-01,49000,6400,42600,0
000364,2025-04-01,59000,6500,52500,0
000365,2025-04-01,45000,7200,37800,0
000366,2025-04-01,198000,19800,178200,0
000367,2025-04-01,63000,9400,53600,0
000368,2025-04-01,114000,11400,102600,0
000369,2025-04-01,48000,7200,40800,0
000370,2025-04-01,46000,7400,38600,0
000371,2025-04-01,87000,7800,79200,0
000372,2025-04-01,137000,16400,120600,0
000373,2025-04-01,50000,8000,42000,0
000374,2025-04-01,77000,8500,68500,0
000375,2025-04-01,619000,80500,538500,0
000376,2025-04-01,45000,7200,37800,1
000377,2025-04-01,53000,4800,48200,0
000378,2025-04-01,50000,5500,44500,0
000379,2025-04-01,127000,19000,108000,0
000380,2025-04-01,148000,19200,128800,0
000381,2025-04-01,33000,5000,28000,0
000382,2025-04-01,105000,9400,95600,0
000383,2025-04-01,169000,22000,147000,0
000384,2025-04-01,145000,23200,121800,1
000385,2025-04-01,57000,6300,50700,0
000386,2025-04-01,126000,13900,112100,0
000387,2025-04-01,50000,7000,43000,0
000388,2025-04-01,42000,3400,38600,0
000389,2025-04-01,25000,3800,21200,0
000390,2025-04-01,407000,48800,358200,0
000392,2025-04-01,245000,39200,205800,0
000393,2025-04-01,34000,3100,30900,0
000394,2025-04-01,139000,22200,116800,0
000395,2025-04-01,135000,10800,124200,0
000396,2025-04-01,32000,3800,28200,0
000397,2025-04-01,49000,7800,41200,0
000398,2025-04-01,145000,20300,124700,0
000399,2025-04-01,38000,3800,34200,0
000400,2025-04-01,50000,4000,46000,0
000401,2025-04-01,88000,8800,79200,1
000402,2025-04-01,33000,3000,30000,0
000403,2025-04-01,26000,2100,23900,0
000404,2025-04-01,58000,5200,52800,0
000405,2025-04-01,91000,10000,81000,1
000406,2025-04-01,242000,31500,210500,0
000407,2025-04-01,26000,2900,23100,2
000408,2025-04-01,45000,3600,41400,0
000409,2025-04-01,216000,25900,190100,0
000410,2025-04-01,77000,9200,67800,0
000411,2025-04-01,77000,9200,67800,0
000412,2025-04-01,25000,3500,21500,0
000415,2025-04-01,84000,9200,74800,0
000416,2025-04-01,55000,4400,50600,0
000417,2025-04-01,42000,6300,35700,0
000418,2025-04-01,62000,5600,56400,0
000419,2025-04-01,29000,4400,24600,0
000420,2025-04-01,109000,10900,98100,0
000421,2025-04-01,67000,9400,57600,1
000423,2025-04-01,65000,7800,57200,0
000424,2025-04-01,236000,26000,210000,0
000425,2025-04-01,47000,7000,40000,1
000427,2025-04-01,51000,4100,46900,0
000428,2025-04-01,76000,8400,67600,0
000430,2025-04-01,74000,6700,67300,0
000431,2025-04-01,55000,6000,49000,0
000433,2025-04-01,104000,10400,93600,0
000434,2025-04-01,150000,24000,126000,0
000435,2025-04-01,65000,7200,57800,0
000436,2025-04-01,94000,7500,86500,0
000437,2025-04-01,38000,4600,33400,1
000438,2025-04-01,80000,8800,71200,1
000439,2025-04-01,81000,11300,69700,1
000441,2025-04-01,62000,5600,56400,0
000442,2025-04-01,83000,10800,72200,0
000444,2025-04-01,52000,7800,44200,0
000445,2025-04-01,58000,9300,48700,0
000446,2025-04-01,69000,11000,58000,0
000447,2025-04-01,221000,19900,201100,2
000448,2025-04-01,53000,5300,47700,0
000450,2025-04-01,70000,5600,64400,0
000452,2025-04-01,71000,7800,63200,0
000453,2025-04-01,131000,10500,120500,0
000454,2025-04-01,43000,3900,39100,0
000455,2025-04-01,128000,10200,117800,0
000457,2025-04-01,50000,7500,42500,0
000459,2025-04-01,382000,45800,336200,1
000462,2025-04-01,97000,10700,86300,0
000463,2025-04-01,29000,3800,25200,0
000464,2025-04-01,80000,12000,68000,2
000465,2025-04-01,56000,9000,47000,1
000467,2025-04-01,55000,6600,48400,0
000468,2025-04-01,209000,29300,179700,0
000470,2025-04-01,66000,8600,57400,3
000471,2025-04-01,50000,6000,44000,0
000472,2025-04-01,69000,11000,58000,0
000474,2025-04-01,40000,4000,36000,0
000475,2025-04-01,48000,6700,41300,0
000476,2025-04-01,163000,24400,138600,0
000478,2025-04-01,50000,6500,43500,0
000479,2025-04-01,99000,9900,89100,0
000480,2025-04-01,57000,6300,50700,0
000481,2025-04-01,81000,10500,70500,0
000482,2025-04-01,86000,12000,74000,1
000483,2025-04-01,198000,27700,170300,0
000484,2025-04-01,108000,16200,91800,0
000485,2025-04-01,64000,9000,55000,0
000486,2025-04-01,223000,35700,187300,0
000487,2025-04-01,48000,7700,40300,0
000488,2025-04-01,75000,6000,69000,0
000490,2025-04-01,172000,17200,154800,0
000491,2025-04-01,117000,11700,105300,0
000492,2025-04-01,46000,5100,40900,0
000493,2025-04-01,176000,19400,156600,0
000494,2025-04-01,71000,10600,60400,0
000495,2025-04-01,89000,14200,74800,0
000496,2025-04-01,282000,25400,256600,0
000497,2025-04-01,29000,2300,26700,0
000498,2025-04-01,47000,6100,40900,1
000499,2025-04-01,32000,4200,27800,0
000500,2025-04-01,36000,4000,32000,0
000501,2025-04-01,60000,7800,52200,0
000502,2025-04-01,150000,22500,127500,0
000503,2025-04-01,39000,4700,34300,0
000506,2025-04-01,60000,6000,54000,0
000507,2025-04-01,103000,14400,88600,0
000508,2025-04-01,40000,6000,34000,0
000509,2025-04-01,166000,18300,147700,0
000510,2025-04-01,98000,9800,88200,2
000511,2025-04-01,72000,5800,66200,1
000512,2025-04-01,95000,13300,81700,0
000513,2025-04-01,70000,9100,60900,0
000514,2025-04-01,32000,3200,28800,1
000517,2025-04-01,56000,8400,47600,0
000519,2025-04-01,52000,6800,45200,1
000520,2025-04-01,223000,20100,202900,2
000521,2025-04-01,72000,10100,61900,0
000523,2025-04-01,37000,4100,32900,1
000524,2025-04-01,45000,4000,41000,2
000525,2025-04-01,50000,7500,42500,0
000526,2025-04-01,61000,8500,52500,0
000527,2025-04-01,79000,9500,69500,3
000528,2025-04-01,113000,18100,94900,0
000529,2025-04-01,50000,6500,43500,1
000530,2025-04-01,94000,10300,83700,1
000531,2025-04-01,49000,6900,42100,0
000532,2025-04-01,130000,19500,110500,0
000533,2025-04-01,53000,4200,48800,0
000534,2025-04-01,55000,4400,50600,0
000536,2025-04-01,53000,7400,45600,0
000537,2025-04-01,58000,8100,49900,0
000539,2025-04-01,104000,14600,89400,0
000540,2025-04-01,110000,15400,94600,0
000541,2025-04-01,84000,10900,73100,0
000542,2025-04-01,52000,7800,44200,0
000544,2025-04-01,33000,5000,28000,0
000545,2025-04-01,66000,8600,57400,1
000546,2025-04-01,36000,2900,33100,0
000547,2025-04-01,248000,22300,225700,0
000548,2025-04-01,40000,3600,36400,0
000549,2025-04-01,124000,11200,112800,0
000550,2025-04-01,415000,33200,381800,0
000551,2025-04-01,67000,6000,61000,0
000552,2025-04-01,150000,22500,127500,0
000553,2025-04-01,26000,2300,23700,0
000554,2025-04-01,55000,5500,49500,0
000555,2025-04-01,96000,8600,87400,0
000556,2025-04-01,75000,6800,68200,0
000557,2025-04-01,27000,3000,24000,0
000558,2025-04-01,53000,7400,45600,0
000559,2025-04-01,228000,34200,193800,0
000560,2025-04-01,140000,21000,119000,0
000561,2025-04-01,68000,8200,59800,0
000562,2025-04-01,227000,18200,208800,0
000563,2025-04-01,64000,5800,58200,0
000564,2025-04-01,39000,3900,35100,0
000565,2025-04-01,147000,16200,130800,0
000567,2025-04-01,129000,11600,117400,0
000568,2025-04-01,102000,11200,90800,0
000569,2025-04-01,728000,87400,640600,0
000571,2025-04-01,38000,4600,33400,0
000572,2025-04-01,50000,6500,43500,0
000573,2025-04-01,124000,14900,109100,0
000574,2025-04-01,83000,6600,76400,0
000575,2025-04-01,83000,6600,76400,0
000576,2025-04-01,73000,6600,66400,0
000577,2025-04-01,136000,20400,115600,0
000578,2025-04-01,59000,5300,53700,0
000579,2025-04-01,122000,15900,106100,0
000580,2025-04-01,51000,4600,46400,0
000581,2025-04-01,203000,26400,176600,0
000582,2025-04-01,70000,10500,59500,0
000583,2025-04-01,82000,12300,69700,0
000584,2025-04-01,49000,5400,43600,0
000585,2025-04-01,52000,6800,45200,0
000587,2025-04-01,45000,5800,39200,0
000588,2025-04-01,30000,4200,25800,1
000589,2025-04-01,74000,11100,62900,0
000591,2025-04-01,48000,6700,41300,0
000592,2025-04-01,42000,4200,37800,0
000593,2025-04-01,32000,3200,28800,0
000594,2025-04-01,71000,7100,63900,0
000595,2025-04-01,78000,8600,69400,0
000597,2025-04-01,44000,4400,39600,0
000598,2025-04-01,80000,12000,68000,0
000599,2025-04-01,40000,6400,33600,0
000600,2025-04-01,54000,8100,45900,0
000101,2025-05-01,42000,4200,37800,0
000102,2025-05-01,33000,4300,28700,0
000104,2025-05-01,170000,22100,147900,2
000105,2025-05-01,110000,11000,99000,0
000106,2025-05-01,81000,8900,72100,0
000107,2025-05-01,48000,5800,42200,0
000110,2025-05-01,304000,36500,267500,0
000113,2025-05-01,31000,2800,28200,0
000114,2025-05-01,76000,9900,66100,0
000115,2025-05-01,177000,17700,159300,0
000116,2025-05-01,54000,4900,49100,0
000117,2025-05-01,47000,5200,41800,0
000118,2025-05-01,36000,4000,32000,0
000119,2025-05-01,57000,8600,48400,1
000120,2025-05-01,25000,3200,21800,0
000121,2025-05-01,360000,46800,313200,0
000122,2025-05-01,172000,18900,153100,0
000123,2025-05-01,141000,15500,125500,0
000124,2025-05-01,28000,2200,25800,0
000127,2025-05-01,50000,7000,43000,0
000128,2025-05-01,65000,5800,59200,0
000129,2025-05-01,29000,3500,25500,0
000131,2025-05-01,66000,7300,58700,0
000132,2025-05-01,132000,13200,118800,0
000133,2025-05-01,50000,7500,42500,0
000134,2025-05-01,71000,9200,61800,0
000135,2025-05-01,26000,4200,21800,0
000136,2025-05-01,54000,7000,47000,0
000137,2025-05-01,44000,7000,37000,0
000139,2025-05-01,129000,14200,114800,0
000141,2025-05-01,185000,16600,168400,1
000142,2025-05-01,37000,4100,32900,0
000143,2025-05-01,123000,13500,109500,0
000144,2025-05-01,121000,9700,111300,0
000146,2025-05-01,203000,24400,178600,0
000147,2025-05-01,110000,15400,94600,0
000148,2025-05-01,46000,4600,41400,0
000149,2025-05-01,119000,11900,107100,0
000150,2025-05-01,51000,4600,46400,0
000151,2025-05-01,36000,4000,32000,1
000152,2025-05-01,49000,4900,44100,0
000153,2025-05-01,145000,11600,133400,0
000156,2025-05-01,113000,18100,94900,0
000157,2025-05-01,56000,7800,48200,0
000158,2025-05-01,74000,9600,64400,0
000159,2025-05-01,35000,2800,32200,0
000160,2025-05-01,59000,4700,54300,0
000161,2025-05-01,39000,3900,35100,0
000162,2025-05-01,245000,24500,220500,0
000164,2025-05-01,80000,8800,71200,0
000165,2025-05-01,218000,28300,189700,0
000166,2025-05-01,91000,8200,82800,0
000167,2025-05-01,76000,12200,63800,0
000168,2025-05-01,128000,12800,115200,0
000169,2025-05-01,394000,43300,350700,0
000170,2025-05-01,86000,10300,75700,0
000171,2025-05-01,140000,22400,117600,0
000173,2025-05-01,45000,5000,40000,0
000174,2025-05-01,237000,26100,210900,0
000175,2025-05-01,246000,24600,221400,1
000176,2025-05-01,137000,19200,117800,0
000178,2025-05-01,89000,13400,75600,0
000179,2025-05-01,122000,17100,104900,0
000180,2025-05-01,41000,3300,37700,0
000181,2025-05-01,75000,6000,69000,0
000182,2025-05-01,178000,23100,154900,0
000183,2025-05-01,59000,8300,50700,0
000184,2025-05-01,362000,43400,318600,0
000185,2025-05-01,82000,11500,70500,0
000186,2025-05-01,337000,40400,296600,0
000187,2025-05-01,125000,15000,110000,0
000188,2025-05-01,131000,19600,111400,0
000189,2025-05-01,111000,17800,93200,0
000190,2025-05-01,60000,5400,54600,0
000191,2025-05-01,73000,8000,65000,0
000192,2025-05-01,56000,6700,49300,0
000193,2025-05-01,75000,9000,66000,0
000194,2025-05-01,487000,53600,433400,0
000195,2025-05-01,98000,11800,86200,0
000199,2025-05-01,33000,2600,30400,0
000200,2025-05-01,73000,9500,63500,0
000201,2025-05-01,227000,31800,195200,0
000202,2025-05-01,60000,8400,51600,0
000203,2025-05-01,139000,20800,118200,0
000204,2025-05-01,78000,8600,69400,0
000206,2025-05-01,73000,5800,67200,0
000207,2025-05-01,140000,11200,128800,0
000208,2025-05-01,32000,3800,28200,1
000209,2025-05-01,242000,24200,217800,0
000210,2025-05-01,42000,4600,37400,0
000211,2025-05-01,47000,6100,40900,2
000212,2025-05-01,32000,2600,29400,0
000213,2025-05-01,311000,28000,283000,0
000214,2025-05-01,43000,4700,38300,0
000215,2025-05-01,73000,5800,67200,0
000216,2025-05-01,70000,7000,63000,0
000220,2025-05-01,188000,20700,167300,0
000224,2025-05-01,136000,21800,114200,0
000225,2025-05-01,648000,97200,550800,0
000227,2025-05-01,132000,14500,117500,0
000228,2025-05-01,69000,5500,63500,0
000231,2025-05-01,85000,12800,72200,0
000232,2025-05-01,45000,3600,41400,0
000233,2025-05-01,481000,57700,423300,0
000234,2025-05-01,97000,10700,86300,0
000236,2025-05-01,67000,8000,59000,0
000237,2025-05-01,198000,29700,168300,2
000238,2025-05-01,45000,3600,41400,0
000239,2025-05-01,31000,4300,26700,0
000241,2025-05-01,59000,6500,52500,0
000242,2025-05-01,81000,9700,71300,0
000243,2025-05-01,26000,3900,22100,0
000244,2025-05-01,152000,19800,132200,0
000245,2025-05-01,351000,56200,294800,0
000247,2025-05-01,184000,23900,160100,0
000249,2025-05-01,179000,23300,155700,0
000251,2025-05-01,129000,15500,113500,0
000252,2025-05-01,38000,5700,32300,0
000253,2025-05-01,185000,25900,159100,0
000255,2025-05-01,67000,6700,60300,0
000256,2025-05-01,50000,7500,42500,0
000258,2025-05-01,192000,19200,172800,0
000259,2025-05-01,29000,2900,26100,0
000260,2025-05-01,28000,2800,25200,0
000261,2025-05-01,38000,4200,33800,0
000262,2025-05-01,91000,12700,78300,0
000263,2025-05-01,72000,11500,60500,0
000264,2025-05-01,199000,15900,183100,0
000265,2025-05-01,72000,7200,64800,0
000266,2025-05-01,26000,3400,22600,0
000267,2025-05-01,42000,5500,36500,0
000268,2025-05-01,127000,17800,109200,0
000270,2025-05-01,236000,33000,203000,0
000271,2025-05-01,145000,16000,129000,0
000272,2025-05-01,184000,20200,163800,0
000273,2025-05-01,50000,8000,42000,0
000275,2025-05-01,98000,8800,89200,0
000276,2025-05-01,46000,6400,39600,0
000278,2025-05-01,69000,6200,62800,0
000279,2025-05-01,29000,2300,26700,1
000280,2025-05-01,82000,8200,73800,0
000283,2025-05-01,83000,7500,75500,0
000284,2025-05-01,48000,6700,41300,0
000285,2025-05-01,33000,2600,30400,1
000286,2025-05-01,27000,3800,23200,0
000289,2025-05-01,43000,6400,36600,0
000290,2025-05-01,399000,59800,339200,0
000291,2025-05-01,52000,6800,45200,2
000292,2025-05-01,42000,5900,36100,0
000293,2025-05-01,225000,31500,193500,0
000294,2025-05-01,618000,80300,537700,0
000295,2025-05-01,55000,4400,50600,1
000297,2025-05-01,33000,3000,30000,0
000298,2025-05-01,430000,38700,391300,0
000300,2025-05-01,75000,6800,68200,0
000302,2025-05-01,27000,3000,24000,0
000303,2025-05-01,139000,18100,120900,0
000304,2025-05-01,51000,7600,43400,0
000306,2025-05-01,42000,3400,38600,0
000307,2025-05-01,69000,5500,63500,0
000308,2025-05-01,222000,35500,186500,1
000309,2025-05-01,113000,15800,97200,0
000310,2025-05-01,174000,13900,160100,0
000311,2025-05-01,682000,109100,572900,0
000312,2025-05-01,127000,15200,111800,0
000313,2025-05-01,89000,11600,77400,0
000314,2025-05-01,35000,3200,31800,0
000315,2025-05-01,134000,10700,123300,0
000316,2025-05-01,28000,2800,25200,0
000317,2025-05-01,63000,6300,56700,0
000319,2025-05-01,380000,57000,323000,0
000320,2025-05-01,107000,9600,97400,0
000321,2025-05-01,154000,12300,141700,0
000322,2025-05-01,68000,9500,58500,0
000323,2025-05-01,43000,5600,37400,0
000325,2025-05-01,49000,7400,41600,0
000326,2025-05-01,85000,11900,73100,0
000327,2025-05-01,150000,19500,130500,0
000328,2025-05-01,717000,78900,638100,0
000329,2025-05-01,136000,12200,123800,1
000330,2025-05-01,41000,4100,36900,0
000331,2025-05-01,40000,6400,33600,0
000332,2025-05-01,32000,2900,29100,0
000333,2025-05-01,58000,8100,49900,2
000334,2025-05-01,76000,8400,67600,0
000335,2025-05-01,46000,6400,39600,0
000336,2025-05-01,382000,30600,351400,0
000337,2025-05-01,80000,12800,67200,0
000338,2025-05-01,94000,9400,84600,0
000339,2025-05-01,31000,4600,26400,0
000340,2025-05-01,71000,10600,60400,0
000341,2025-05-01,63000,6300,56700,0
000342,2025-05-01,50000,8000,42000,0
000343,2025-05-01,379000,37900,341100,0
000344,2025-05-01,188000,16900,171100,0
000346,2025-05-01,90000,8100,81900,0
000347,2025-05-01,132000,18500,113500,0
000349,2025-05-01,118000,13000,105000,0
000350,2025-05-01,121000,16900,104100,0
000351,2025-05-01,64000,9000,55000,0
000352,2025-05-01,65000,8400,56600,0
000353,2025-05-01,233000,25600,207400,0
000355,2025-05-01,132000,21100,110900,0
000356,2025-05-01,68000,6800,61200,0
000357,2025-05-01,45000,6800,38200,0
000358,2025-05-01,63000,5000,58000,0
000359,2025-05-01,27000,2700,24300,0
000361,2025-05-01,80000,9600,70400,0
000362,2025-05-01,54000,7000,47000,0
000363,2025-05-01,49000,6400,42600,0
000364,2025-05-01,59000,8800,50200,1
000365,2025-05-01,45000,7200,37800,0
000366,2025-05-01,198000,19800,178200,1
000367,2025-05-01,63000,9400,53600,0
000368,2025-05-01,114000,10300,103700,2
000369,2025-05-01,48000,5800,42200,0
000370,2025-05-01,46000,5100,40900,0
000371,2025-05-01,87000,9600,77400,0
000372,2025-05-01,137000,16400,120600,0
000373,2025-05-01,50000,7000,43000,0
000374,2025-05-01,77000,8500,68500,0
000375,2025-05-01,619000,61900,557100,0
000376,2025-05-01,45000,5000,40000,0
000377,2025-05-01,53000,8500,44500,0
000378,2025-05-01,50000,7500,42500,0
000379,2025-05-01,127000,15200,111800,0
000380,2025-05-01,148000,19200,128800,0
000381,2025-05-01,33000,5000,28000,0
000382,2025-05-01,105000,12600,92400,0
000383,2025-05-01,169000,22000,147000,1
000384,2025-05-01,145000,17400,127600,0
000385,2025-05-01,57000,9100,47900,0
000386,2025-05-01,126000,13900,112100,2
000387,2025-05-01,50000,7500,42500,0
000388,2025-05-01,42000,5000,37000,0
000389,2025-05-01,25000,3000,22000,0
000390,2025-05-01,407000,61000,346000,0
000392,2025-05-01,245000,34300,210700,0
000393,2025-05-01,34000,3100,30900,0
000394,2025-05-01,139000,11100,127900,0
000395,2025-05-01,135000,12200,122800,0
000396,2025-05-01,32000,2900,29100,0
000397,2025-05-01,49000,5400,43600,1
000398,2025-05-01,145000,11600,133400,0
000399,2025-05-01,38000,4600,33400,0
000400,2025-05-01,50000,5500,44500,0
000401,2025-05-01,88000,10600,77400,0
000402,2025-05-01,33000,3600,29400,1
000403,2025-05-01,26000,3400,22600,0
000404,2025-05-01,58000,8100,49900,0
000405,2025-05-01,91000,9100,81900,0
000406,2025-05-01,242000,29000,213000,0
000407,2025-05-01,26000,2900,23100,0
000408,2025-05-01,45000,6800,38200,0
000409,2025-05-01,216000,23800,192200,0
000410,2025-05-01,77000,9200,67800,0
000411,2025-05-01,77000,10800,66200,0
000412,2025-05-01,25000,2200,22800,0
000415,2025-05-01,84000,8400,75600,0
000416,2025-05-01,55000,7700,47300,0
000417,2025-05-01,42000,4600,37400,0
000418,2025-05-01,62000,9900,52100,0
000419,2025-05-01,29000,4600,24400,0
000420,2025-05-01,109000,12000,97000,0
000421,2025-05-01,67000,9400,57600,0
000423,2025-05-01,65000,7200,57800,0
000424,2025-05-01,236000,26000,210000,0
000425,2025-05-01,47000,6600,40400,0
000427,2025-05-01,51000,4100,46900,0
000428,2025-05-01,76000,6800,69200,0
000430,2025-05-01,74000,10400,63600,0
000431,2025-05-01,55000,4400,50600,0
000433,2025-05-01,104000,14600,89400,0
000434,2025-05-01,150000,16500,133500,0
000435,2025-05-01,65000,7800,57200,0
000436,2025-05-01,94000,15000,79000,0
000437,2025-05-01,38000,3000,35000,0
000438,2025-05-01,80000,8800,71200,2
000439,2025-05-01,81000,7300,73700,0
000441,2025-05-01,62000,7400,54600,0
000442,2025-05-01,83000,12400,70600,0
000444,2025-05-01,52000,7300,44700,0
000445,2025-05-01,58000,6400,51600,0
000446,2025-05-01,69000,6200,62800,0
000447,2025-05-01,221000,17700,203300,0
000448,2025-05-01,53000,5300,47700,0
000450,2025-05-01,70000,9800,60200,0
000452,2025-05-01,71000,7800,63200,0
000453,2025-05-01,131000,11800,119200,0
000454,2025-05-01,43000,6900,36100,0
000455,2025-05-01,128000,16600,111400,0
000457,2025-05-01,50000,5000,45000,0
000459,2025-05-01,382000,38200,343800,0
000462,2025-05-01,97000,7800,89200,0
000463,2025-05-01,29000,4100,24900,0
000464,2025-05-01,80000,8000,72000,0
000465,2025-05-01,56000,7300,48700,0
000467,2025-05-01,55000,6000,49000,0
000468,2025-05-01,209000,23000,186000,0
000470,2025-05-01,66000,5300,60700,0
000471,2025-05-01,50000,4000,46000,0
000472,2025-05-01,69000,10400,58600,0
000473,2025-05-01,74000,11800,62200,0
000474,2025-05-01,40000,6000,34000,0
000475,2025-05-01,48000,6200,41800,2
000476,2025-05-01,163000,22800,140200,0
000478,2025-05-01,50000,7000,43000,0
000479,2025-05-01,99000,9900,89100,0
000480,2025-05-01,57000,7400,49600,0
000481,2025-05-01,81000,11300,69700,0
000482,2025-05-01,86000,6900,79100,0
000483,2025-05-01,198000,15800,182200,0
000484,2025-05-01,108000,10800,97200,0
000485,2025-05-01,64000,6400,57600,0
000486,2025-05-01,223000,24500,198500,0
000487,2025-05-01,48000,7200,40800,0
000488,2025-05-01,75000,11200,63800,0
000490,2025-05-01,172000,17200,154800,0
000491,2025-05-01,117000,11700,105300,0
000492,2025-05-01,46000,5500,40500,0
000493,2025-05-01,176000,24600,151400,0
000494,2025-05-01,71000,6400,64600,0
000495,2025-05-01,89000,14200,74800,0
000496,2025-05-01,282000,42300,239700,0
000497,2025-05-01,29000,3500,25500,0
000498,2025-05-01,47000,4200,42800,1
000499,2025-05-01,32000,3800,28200,0
000500,2025-05-01,36000,5800,30200,0
000501,2025-05-01,60000,7800,52200,0
000502,2025-05-01,150000,19500,130500,0
000503,2025-05-01,39000,6200,32800,0
000506,2025-05-01,60000,9000,51000,0
000507,2025-05-01,103000,16500,86500,0
000508,2025-05-01,40000,3600,36400,0
000509,2025-05-01,166000,23200,142800,3
000510,2025-05-01,98000,11800,86200,0
000511,2025-05-01,72000,7900,64100,0
000512,2025-05-01,95000,13300,81700,0
000513,2025-05-01,70000,5600,64400,0
000514,2025-05-01,32000,3500,28500,1
000517,2025-05-01,56000,5600,50400,0
000519,2025-05-01,52000,5700,46300,0
000520,2025-05-01,223000,17800,205200,0
000521,2025-05-01,72000,6500,65500,0
000523,2025-05-01,37000,3700,33300,0
000524,2025-05-01,45000,4000,41000,1
000525,2025-05-01,50000,6500,43500,0
000526,2025-05-01,61000,9200,51800,0
000527,2025-05-01,79000,12600,66400,1
000528,2025-05-01,113000,14700,98300,0
000529,2025-05-01,50000,5000,45000,0
000530,2025-05-01,94000,15000,79000,0
000531,2025-05-01,49000,5400,43600,0
000532,2025-05-01,130000,19500,110500,0
000533,2025-05-01,53000,6400,46600,0
000534,2025-05-01,55000,7700,47300,0
000536,2025-05-01,53000,6400,46600,0
000537,2025-05-01,58000,6400,51600,0
000539,2025-05-01,104000,11400,92600,0
000540,2025-05-01,110000,9900,100100,0
000541,2025-05-01,84000,11800,72200,0
000542,2025-05-01,52000,6800,45200,0
000544,2025-05-01,33000,5000,28000,0
000545,2025-05-01,66000,8600,57400,1
000546,2025-05-01,36000,5000,31000,1
000547,2025-05-01,248000,37200,210800,0
000548,2025-05-01,40000,5200,34800,2
000549,2025-05-01,124000,18600,105400,0
000550,2025-05-01,415000,45600,369400,1
000551,2025-05-01,67000,8000,59000,0
000552,2025-05-01,150000,19500,130500,0
000553,2025-05-01,26000,3600,22400,0
000554,2025-05-01,55000,5000,50000,0
000555,2025-05-01,96000,15400,80600,0
000556,2025-05-01,75000,7500,67500,0
000557,2025-05-01,27000,2700,24300,3
000558,2025-05-01,53000,6900,46100,0
000559,2025-05-01,228000,29600,198400,0
000560,2025-05-01,140000,14000,126000,0
000561,2025-05-01,68000,5400,62600,0
000562,2025-05-01,227000,18200,208800,3
000563,2025-05-01,64000,7000,57000,0
000564,2025-05-01,39000,5800,33200,0
000565,2025-05-01,147000,23500,123500,0
000567,2025-05-01,129000,12900,116100,0
000568,2025-05-01,102000,12200,89800,0
000569,2025-05-01,728000,116500,611500,0
000571,2025-05-01,38000,4600,33400,0
000572,2025-05-01,50000,5000,45000,0
000573,2025-05-01,124000,16100,107900,0
000574,2025-05-01,83000,11600,71400,1
000575,2025-05-01,83000,10000,73000,0
000576,2025-05-01,73000,11000,62000,0
000577,2025-05-01,136000,12200,123800,0
000578,2025-05-01,59000,5900,53100,0
000579,2025-05-01,122000,12200,109800,0
000580,2025-05-01,51000,6600,44400,0
000581,2025-05-01,203000,30400,172600,0
000582,2025-05-01,70000,11200,58800,0
000583,2025-05-01,82000,9000,73000,0
000584,2025-05-01,49000,6400,42600,0
000585,2025-05-01,52000,4700,47300,0
000587,2025-05-01,45000,5400,39600,0
000588,2025-05-01,30000,4500,25500,0
000589,2025-05-01,74000,9600,64400,0
000590,2025-05-01,64000,9000,55000,0
000591,2025-05-01,48000,4800,43200,0
000592,2025-05-01,42000,5000,37000,0
000593,2025-05-01,32000,4200,27800,0
000594,2025-05-01,71000,7800,63200,0
000595,2025-05-01,78000,9400,68600,0
000596,2025-05-01,45000,6300,38700,1
000597,2025-05-01,44000,5700,38300,0
000598,2025-05-01,80000,10400,69600,0
000599,2025-05-01,40000,6400,33600,0
000600,2025-05-01,54000,8600,45400,0
000101,2025-06-01,42000,6700,35300,0
000102,2025-06-01,33000,3600,29400,3
000104,2025-06-01,170000,13600,156400,0
000105,2025-06-01,110000,17600,92400,0
000106,2025-06-01,81000,12200,68800,0
000107,2025-06-01,48000,6700,41300,0
000110,2025-06-01,304000,27400,276600,0
000113,2025-06-01,31000,4600,26400,0
000114,2025-06-01,76000,8400,67600,1
000115,2025-06-01,177000,19500,157500,1
000116,2025-06-01,54000,4300,49700,0
000117,2025-06-01,47000,5600,41400,0
000118,2025-06-01,36000,4000,32000,0
000119,2025-06-01,57000,8600,48400,0
000120,2025-06-01,25000,2000,23000,0
000121,2025-06-01,360000,43200,316800,1
000122,2025-06-01,172000,24100,147900,0
000123,2025-06-01,141000,16900,124100,0
000124,2025-06-01,28000,4200,23800,0
000127,2025-06-01,50000,8000,42000,2
000128,2025-06-01,65000,7200,57800,0
000129,2025-06-01,29000,3800,25200,1
000131,2025-06-01,66000,5300,60700,0
000132,2025-06-01,132000,14500,117500,0
000133,2025-06-01,50000,5000,45000,1
000134,2025-06-01,71000,7100,63900,1
000135,2025-06-01,26000,3600,22400,0
000136,2025-06-01,54000,5400,48600,0
000137,2025-06-01,44000,5300,38700,0
000139,2025-06-01,129000,20600,108400,0
000141,2025-06-01,185000,18500,166500,0
000142,2025-06-01,37000,3000,34000,0
000143,2025-06-01,123000,14800,108200,1
000144,2025-06-01,121000,18200,102800,2
000145,2025-06-01,26000,4200,21800,0
000146,2025-06-01,203000,24400,178600,0
000147,2025-06-01,110000,9900,100100,0
000148,2025-06-01,46000,5100,40900,0
000149,2025-06-01,119000,9500,109500,0
000150,2025-06-01,51000,4600,46400,1
000151,2025-06-01,36000,4700,31300,3
000152,2025-06-01,49000,7800,41200,0
000153,2025-06-01,145000,18800,126200,0
000156,2025-06-01,113000,15800,97200,0
000157,2025-06-01,56000,7800,48200,0
000158,2025-06-01,74000,11100,62900,0
000159,2025-06-01,35000,3200,31800,0
000160,2025-06-01,59000,8800,50200,2
000161,2025-06-01,39000,5100,33900,0
000162,2025-06-01,245000,19600,225400,0
000164,2025-06-01,80000,10400,69600,0
000165,2025-06-01,218000,28300,189700,0
000166,2025-06-01,91000,7300,83700,0
000167,2025-06-01,76000,6800,69200,2
000168,2025-06-01,128000,20500,107500,0
000169,2025-06-01,394000,39400,354600,0
000170,2025-06-01,86000,13800,72200,0
000171,2025-06-01,140000,11200,128800,0
000173,2025-06-01,45000,5000,40000,0
000174,2025-06-01,237000,28400,208600,0
000175,2025-06-01,246000,29500,216500,0
000176,2025-06-01,137000,16400,120600,0
000178,2025-06-01,89000,10700,78300,0
000179,2025-06-01,122000,11000,111000,0
000180,2025-06-01,41000,6200,34800,2
000181,2025-06-01,75000,6000,69000,0
000182,2025-06-01,178000,17800,160200,0
000183,2025-06-01,59000,9400,49600,0
000184,2025-06-01,362000,47100,314900,0
000185,2025-06-01,82000,10700,71300,0
000186,2025-06-01,337000,37100,299900,0
000187,2025-06-01,125000,10000,115000,0
000188,2025-06-01,131000,21000,110000,0
000189,2025-06-01,111000,10000,101000,0
000190,2025-06-01,60000,9600,50400,0
000191,2025-06-01,73000,8800,64200,0
000192,2025-06-01,56000,4500,51500,0
000193,2025-06-01,75000,6800,68200,0
000194,2025-06-01,487000,39000,448000,0
000195,2025-06-01,98000,7800,90200,0
000199,2025-06-01,33000,5000,28000,0
000200,2025-06-01,73000,6600,66400,0
000201,2025-06-01,227000,36300,190700,0
000202,2025-06-01,60000,7800,52200,0
000203,2025-06-01,139000,12500,126500,0
000204,2025-06-01,78000,8600,69400,0
000205,2025-06-01,127000,20300,106700,0
000206,2025-06-01,73000,11700,61300,0
000207,2025-06-01,140000,15400,124600,0
000208,2025-06-01,32000,4500,27500,0
000209,2025-06-01,242000,26600,215400,0
000210,2025-06-01,42000,4200,37800,0
000211,2025-06-01,47000,5600,41400,0
000212,2025-06-01,32000,2900,29100,0
000213,2025-06-01,311000,46600,264400,0
000214,2025-06-01,43000,4700,38300,0
000215,2025-06-01,73000,7300,65700,0
000216,2025-06-01,70000,7700,62300,0
000220,2025-06-01,188000,20700,167300,0
000224,2025-06-01,136000,19000,117000,0
000225,2025-06-01,648000,58300,589700,0
000226,2025-06-01,68000,6100,61900,0
000227,2025-06-01,132000,11900,120100,0
000228,2025-06-01,69000,6900,62100,0
000231,2025-06-01,85000,11000,74000,0
000232,2025-06-01,45000,7200,37800,0
000233,2025-06-01,481000,52900,428100,0
000234,2025-06-01,97000,13600,83400,0
000236,2025-06-01,67000,7400,59600,0
000237,2025-06-01,198000,27700,170300,0
000238,2025-06-01,45000,6800,38200,0
000239,2025-06-01,31000,2500,28500,0
000241,2025-06-01,59000,6500,52500,0
000242,2025-06-01,81000,8100,72900,0
000243,2025-06-01,26000,2100,23900,0
000244,2025-06-01,152000,13700,138300,0
000245,2025-06-01,351000,38600,312400,0
000247,2025-06-01,184000,22100,161900,0
000249,2025-06-01,179000,21500,157500,0
000251,2025-06-01,129000,12900,116100,0
000252,2025-06-01,38000,5700,32300,0
000253,2025-06-01,185000,29600,155400,0
000254,2025-06-01,71000,6400,64600,0
000255,2025-06-01,67000,8000,59000,0
000256,2025-06-01,50000,8000,42000,0
000258,2025-06-01,192000,15400,176600,0
000259,2025-06-01,29000,2600,26400,0
000260,2025-06-01,28000,3100,24900,0
000261,2025-06-01,38000,6100,31900,0
000262,2025-06-01,91000,14600,76400,0
000263,2025-06-01,72000,11500,60500,1
000264,2025-06-01,199000,25900,173100,0
000265,2025-06-01,72000,10100,61900,0
000266,2025-06-01,26000,2900,23100,0
000267,2025-06-01,42000,5900,36100,0
000268,2025-06-01,127000,14000,113000,0
000270,2025-06-01,236000,30700,205300,0
000271,2025-06-01,145000,16000,129000,0
000272,2025-06-01,184000,23900,160100,0
000273,2025-06-01,50000,8000,42000,0
000275,2025-06-01,98000,15700,82300,0
000276,2025-06-01,46000,4600,41400,0
000278,2025-06-01,69000,7600,61400,0
000279,2025-06-01,29000,2600,26400,0
000280,2025-06-01,82000,13100,68900,0
000283,2025-06-01,83000,9100,73900,0
000284,2025-06-01,48000,5800,42200,0
000285,2025-06-01,33000,3000,30000,0
000286,2025-06-01,27000,4000,23000,3
000289,2025-06-01,43000,4700,38300,0
000290,2025-06-01,399000,47900,351100,0
000291,2025-06-01,52000,5700,46300,0
000292,2025-06-01,42000,6700,35300,0
000293,2025-06-01,225000,18000,207000,0
000294,2025-06-01,618000,68000,550000,1
000295,2025-06-01,55000,5000,50000,0
000296,2025-06-01,41000,4900,36100,0
000297,2025-06-01,33000,4300,28700,0
000298,2025-06-01,430000,43000,387000,0
000300,2025-06-01,75000,6000,69000,0
000302,2025-06-01,27000,2700,24300,0
000303,2025-06-01,139000,13900,125100,0
000304,2025-06-01,51000,5100,45900,0
000306,2025-06-01,42000,6300,35700,0
000307,2025-06-01,69000,6200,62800,0
000308,2025-06-01,222000,28900,193100,0
000309,2025-06-01,113000,13600,99400,0
000310,2025-06-01,174000,15700,158300,0
000311,2025-06-01,682000,95500,586500,0
000312,2025-06-01,127000,20300,106700,0
000313,2025-06-01,89000,12500,76500,0
000314,2025-06-01,35000,3800,31200,0
000315,2025-06-01,134000,18800,115200,0
000316,2025-06-01,28000,3400,24600,0
000317,2025-06-01,63000,10100,52900,0
000319,2025-06-01,380000,49400,330600,1
000320,2025-06-01,107000,17100,89900,0
000321,2025-06-01,154000,23100,130900,0
000322,2025-06-01,68000,10200,57800,0
000323,2025-06-01,43000,4700,38300,0
000325,2025-06-01,49000,3900,45100,1
000326,2025-06-01,85000,13600,71400,0
000327,2025-06-01,150000,13500,136500,0
000328,2025-06-01,717000,57400,659600,0
000329,2025-06-01,136000,12200,123800,0
000330,2025-06-01,41000,4100,36900,0
000331,2025-06-01,40000,4400,35600,0
000332,2025-06-01,32000,2600,29400,0
000333,2025-06-01,58000,5200,52800,0
000334,2025-06-01,76000,9900,66100,0
000335,2025-06-01,46000,5500,40500,0
000336,2025-06-01,382000,38200,343800,0
000337,2025-06-01,80000,8800,71200,0
000338,2025-06-01,94000,8500,85500,0
000339,2025-06-01,31000,2800,28200,0
000340,2025-06-01,71000,6400,64600,0
000341,2025-06-01,63000,6300,56700,0
000342,2025-06-01,50000,6500,43500,0
000343,2025-06-01,379000,30300,348700,0
000344,2025-06-01,188000,15000,173000,0
000345,2025-06-01,97000,8700,88300,0
000346,2025-06-01,90000,8100,81900,0
000347,2025-06-01,132000,17200,114800,0
000349,2025-06-01,118000,9400,108600,0
000350,2025-06-01,121000,15700,105300,0
000351,2025-06-01,64000,10200,53800,0
000352,2025-06-01,65000,7800,57200,0
000353,2025-06-01,233000,23300,209700,0
000355,2025-06-01,132000,19800,112200,0
000356,2025-06-01,68000,6100,61900,0
000357,2025-06-01,45000,5400,39600,0
000358,2025-06-01,63000,8200,54800,0
000359,2025-06-01,27000,3800,23200,0
000361,2025-06-01,80000,6400,73600,0
000362,2025-06-01,54000,5900,48100,0
000363,2025-06-01,49000,4400,44600,0
000364,2025-06-01,59000,9400,49600,0
000365,2025-06-01,45000,4000,41000,0
000366,2025-06-01,198000,23800,174200,0
000368,2025-06-01,114000,14800,99200,0
000369,2025-06-01,48000,4800,43200,0
000370,2025-06-01,46000,3700,42300,0
000371,2025-06-01,87000,13000,74000,0
000372,2025-06-01,137000,19200,117800,0
000373,2025-06-01,50000,7500,42500,0
000374,2025-06-01,77000,6200,70800,0
000375,2025-06-01,619000,99000,520000,0
000376,2025-06-01,45000,5400,39600,0
000377,2025-06-01,53000,7400,45600,0
000378,2025-06-01,50000,8000,42000,0
000379,2025-06-01,127000,15200,111800,1
000380,2025-06-01,148000,14800,133200,0
000381,2025-06-01,33000,3600,29400,0
000382,2025-06-01,105000,11600,93400,0
000383,2025-06-01,169000,20300,148700,0
000384,2025-06-01,145000,14500,130500,0
000385,2025-06-01,57000,6800,50200,0
000386,2025-06-01,126000,15100,110900,0
000387,2025-06-01,50000,5500,44500,0
000388,2025-06-01,42000,4200,37800,0
000389,2025-06-01,25000,4000,21000,0
000390,2025-06-01,407000,48800,358200,0
000392,2025-06-01,245000,34300,210700,0
000393,2025-06-01,34000,4800,29200,0
000394,2025-06-01,139000,18100,120900,0
000395,2025-06-01,135000,10800,124200,0
000396,2025-06-01,32000,4200,27800,0
000397,2025-06-01,49000,5900,43100,0
000398,2025-06-01,145000,11600,133400,0
000399,2025-06-01,38000,4600,33400,0
000400,2025-06-01,50000,6000,44000,0
000401,2025-06-01,88000,14100,73900,0
000402,2025-06-01,33000,3600,29400,0
000403,2025-06-01,26000,4200,21800,0
000404,2025-06-01,58000,7000,51000,0
000405,2025-06-01,91000,13600,77400,0
000406,2025-06-01,242000,31500,210500,0
000407,2025-06-01,26000,2100,23900,0
000408,2025-06-01,45000,5000,40000,3
000409,2025-06-01,216000,28100,187900,1
000410,2025-06-01,77000,10000,67000,0
000411,2025-06-01,77000,8500,68500,0
000412,2025-06-01,25000,2200,22800,0
000415,2025-06-01,84000,13400,70600,0
000416,2025-06-01,55000,5000,50000,0
000417,2025-06-01,42000,4600,37400,0
000418,2025-06-01,62000,6800,55200,0
000419,2025-06-01,29000,3800,25200,0
000420,2025-06-01,109000,15300,93700,3
000421,2025-06-01,67000,6000,61000,0
000423,2025-06-01,65000,10400,54600,1
000424,2025-06-01,236000,33000,203000,0
000425,2025-06-01,47000,6600,40400,0
000426,2025-06-01,51000,8200,42800,0
000427,2025-06-01,51000,5100,45900,0
000428,2025-06-01,76000,6100,69900,0
000430,2025-06-01,74000,10400,63600,0
000431,2025-06-01,55000,8800,46200,0
000433,2025-06-01,104000,14600,89400,1
000434,2025-06-01,150000,22500,127500,0
000435,2025-06-01,65000,5800,59200,0
000436,2025-06-01,94000,7500,86500,2
000437,2025-06-01,38000,5300,32700,0
000438,2025-06-01,80000,8000,72000,0
000439,2025-06-01,81000,7300,73700,0
000440,2025-06-01,110000,13200,96800,0
000441,2025-06-01,62000,6800,55200,0
000442,2025-06-01,83000,6600,76400,0
000444,2025-06-01,52000,7300,44700,0
000445,2025-06-01,58000,5800,52200,0
000446,2025-06-01,69000,11000,58000,1
000448,2025-06-01,53000,6400,46600,0
000450,2025-06-01,70000,6300,63700,0
000452,2025-06-01,71000,8500,62500,0
000453,2025-06-01,131000,10500,120500,0
000454,2025-06-01,43000,5600,37400,0
000455,2025-06-01,128000,17900,110100,0
000457,2025-06-01,50000,4000,46000,0
000459,2025-06-01,382000,38200,343800,0
000462,2025-06-01,97000,7800,89200,0
000463,2025-06-01,29000,2300,26700,1
000464,2025-06-01,80000,11200,68800,0
000465,2025-06-01,56000,4500,51500,0
000467,2025-06-01,55000,5000,50000,0
000468,2025-06-01,209000,18800,190200,0
000469,2025-06-01,66000,7900,58100,1
000470,2025-06-01,66000,9200,56800,0
000471,2025-06-01,50000,4500,45500,0
000473,2025-06-01,74000,10400,63600,0
000474,2025-06-01,40000,4000,36000,0
000475,2025-06-01,48000,5800,42200,0
000476,2025-06-01,163000,14700,148300,0
000478,2025-06-01,50000,4000,46000,0
000479,2025-06-01,99000,10900,88100,0
000480,2025-06-01,57000,9100,47900,0
000481,2025-06-01,81000,11300,69700,0
000482,2025-06-01,86000,11200,74800,0
000483,2025-06-01,198000,17800,180200,0
000484,2025-06-01,108000,8600,99400,0
000485,2025-06-01,64000,8300,55700,0
000486,2025-06-01,223000,20100,202900,3
000487,2025-06-01,48000,4800,43200,0
000488,2025-06-01,75000,11200,63800,1
000490,2025-06-01,172000,17200,154800,3
000491,2025-06-01,117000,16400,100600,0
000492,2025-06-01,46000,6400,39600,0
000493,2025-06-01,176000,28200,147800,0
000494,2025-06-01,71000,10600,60400,0
000495,2025-06-01,89000,8900,80100,0
000496,2025-06-01,282000,39500,242500,0
000497,2025-06-01,29000,2900,26100,0
000498,2025-06-01,47000,3800,43200,0
000499,2025-06-01,32000,3500,28500,0
000500,2025-06-01,36000,3200,32800,1
000501,2025-06-01,60000,6600,53400,0
000502,2025-06-01,150000,21000,129000,0
000503,2025-06-01,39000,3100,35900,0
000506,2025-06-01,60000,9600,50400,0
000507,2025-06-01,103000,9300,93700,0
000508,2025-06-01,40000,3200,36800,0
000509,2025-06-01,166000,18300,147700,0
000510,2025-06-01,98000,10800,87200,0
000511,2025-06-01,72000,9400,62600,0
000512,2025-06-01,95000,15200,79800,0
000513,2025-06-01,70000,5600,64400,0
000514,2025-06-01,32000,2600,29400,0
000517,2025-06-01,56000,5000,51000,0
000519,2025-06-01,52000,7300,44700,2
000521,2025-06-01,72000,7200,64800,0
000523,2025-06-01,37000,5900,31100,0
000524,2025-06-01,45000,5400,39600,0
000525,2025-06-01,50000,7000,43000,0
000526,2025-06-01,61000,6700,54300,0
000527,2025-06-01,79000,11100,67900,0
000528,2025-06-01,113000,11300,101700,0
000529,2025-06-01,50000,6500,43500,0
000530,2025-06-01,94000,8500,85500,0
000531,2025-06-01,49000,5900,43100,0
000532,2025-06-01,130000,15600,114400,0
000533,2025-06-01,53000,4200,48800,0
000534,2025-06-01,55000,5500,49500,0
000536,2025-06-01,53000,4200,48800,0
000537,2025-06-01,58000,8100,49900,0
000539,2025-06-01,104000,8300,95700,1
000540,2025-06-01,110000,15400,94600,0
000541,2025-06-01,84000,9200,74800,0
000542,2025-06-01,52000,4200,47800,0
000544,2025-06-01,33000,5300,27700,0
000545,2025-06-01,66000,5900,60100,0
000546,2025-06-01,36000,4700,31300,0
000547,2025-06-01,248000,24800,223200,0
000548,2025-06-01,40000,6000,34000,0
000549,2025-06-01,124000,9900,114100,0
000550,2025-06-01,415000,49800,365200,0
000551,2025-06-01,67000,10000,57000,0
000552,2025-06-01,150000,15000,135000,0
000553,2025-06-01,26000,2600,23400,0
000554,2025-06-01,55000,7700,47300,0
000555,2025-06-01,96000,12500,83500,0
000556,2025-06-01,75000,11200,63800,0
000557,2025-06-01,27000,3800,23200,0
000558,2025-06-01,53000,4800,48200,1
000559,2025-06-01,228000,31900,196100,0
000560,2025-06-01,140000,16800,123200,1
000561,2025-06-01,68000,7500,60500,0
000562,2025-06-01,227000,22700,204300,0
000563,2025-06-01,64000,6400,57600,1
000564,2025-06-01,39000,5500,33500,0
000565,2025-06-01,147000,13200,133800,0
000567,2025-06-01,129000,12900,116100,0
000568,2025-06-01,102000,10200,91800,0
000569,2025-06-01,728000,101900,626100,0
000571,2025-06-01,38000,4900,33100,0
000572,2025-06-01,50000,6500,43500,0
000573,2025-06-01,124000,18600,105400,0
000574,2025-06-01,83000,10000,73000,0
000575,2025-06-01,83000,8300,74700,0
000576,2025-06-01,73000,7300,65700,0
000577,2025-06-01,136000,10900,125100,0
000578,2025-06-01,59000,7100,51900,2
000579,2025-06-01,122000,18300,103700,0
000580,2025-06-01,51000,4600,46400,0
000581,2025-06-01,203000,20300,182700,0
000582,2025-06-01,70000,10500,59500,1
000583,2025-06-01,82000,8200,73800,0
000584,2025-06-01,49000,4400,44600,0
000585,2025-06-01,52000,8300,43700,0
000587,2025-06-01,45000,5000,40000,0
000588,2025-06-01,30000,4200,25800,0
000589,2025-06-01,74000,11100,62900,0
000590,2025-06-01,64000,9600,54400,0
000591,2025-06-01,48000,5300,42700,0
000592,2025-06-01,42000,3800,38200,0
000593,2025-06-01,32000,4200,27800,0
000594,2025-06-01,71000,10600,60400,0
000595,2025-06-01,78000,12500,65500,1
000596,2025-06-01,45000,4000,41000,0
000597,2025-06-01,44000,6200,37800,0
000598,2025-06-01,80000,11200,68800,0
000599,2025-06-01,40000,3200,36800,0
000600,2025-06-01,54000,8600,45400,0
000101,2025-07-01,42000,4200,37800,0
000102,2025-07-01,33000,4300,28700,0
000104,2025-07-01,170000,23800,146200,0
000105,2025-07-01,110000,8800,101200,0
000106,2025-07-01,81000,12200,68800,0
000107,2025-07-01,48000,6700,41300,1
000110,2025-07-01,304000,48600,255400,0
000113,2025-07-01,31000,2800,28200,0
000114,2025-07-01,76000,10600,65400,2
000115,2025-07-01,177000,14200,162800,2
000116,2025-07-01,54000,6500,47500,0
000117,2025-07-01,47000,7500,39500,0
000118,2025-07-01,36000,2900,33100,0
000119,2025-07-01,57000,4600,52400,1
000120,2025-07-01,25000,2800,22200,0
000121,2025-07-01,360000,43200,316800,0
000122,2025-07-01,172000,17200,154800,0
000123,2025-07-01,141000,22600,118400,0
000124,2025-07-01,28000,2500,25500,0
000127,2025-07-01,50000,8000,42000,0
000128,2025-07-01,65000,5200,59800,0
000129,2025-07-01,29000,3800,25200,0
000131,2025-07-01,66000,10600,55400,1
000132,2025-07-01,132000,14500,117500,0
000133,2025-07-01,50000,5000,45000,0
000134,2025-07-01,71000,8500,62500,0
000135,2025-07-01,26000,2300,23700,0
000136,2025-07-01,54000,8100,45900,0
000137,2025-07-01,44000,6200,37800,0
000139,2025-07-01,129000,18100,110900,0
000141,2025-07-01,185000,18500,166500,0
000142,2025-07-01,37000,5900,31100,0
000143,2025-07-01,123000,9800,113200,0
000144,2025-07-01,121000,19400,101600,0
000145,2025-07-01,26000,2900,23100,0
000146,2025-07-01,203000,16200,186800,0
000147,2025-07-01,110000,15400,94600,0
000148,2025-07-01,46000,6900,39100,0
000149,2025-07-01,119000,10700,108300,0
000150,2025-07-01,51000,5100,45900,0
000151,2025-07-01,36000,4700,31300,0
000152,2025-07-01,49000,7800,41200,0
000153,2025-07-01,145000,16000,129000,0
000155,2025-07-01,250000,30000,220000,0
000156,2025-07-01,113000,11300,101700,0
000157,2025-07-01,56000,6700,49300,0
000158,2025-07-01,74000,8100,65900,0
000160,2025-07-01,59000,5300,53700,0
000161,2025-07-01,39000,3500,35500,0
000162,2025-07-01,245000,24500,220500,0
000164,2025-07-01,80000,12000,68000,0
000165,2025-07-01,218000,30500,187500,0
000166,2025-07-01,91000,12700,78300,0
000167,2025-07-01,76000,8400,67600,1
000168,2025-07-01,128000,16600,111400,0
000169,2025-07-01,394000,63000,331000,0
000170,2025-07-01,86000,11200,74800,0
000171,2025-07-01,140000,21000,119000,0
000173,2025-07-01,45000,7200,37800,0
000174,2025-07-01,237000,35600,201400,0
000175,2025-07-01,246000,29500,216500,0
000176,2025-07-01,137000,12300,124700,0
000178,2025-07-01,89000,8000,81000,0
000179,2025-07-01,122000,18300,103700,1
000180,2025-07-01,41000,4500,36500,0
000181,2025-07-01,75000,8200,66800,0
000182,2025-07-01,178000,23100,154900,0
000183,2025-07-01,59000,7700,51300,0
000184,2025-07-01,362000,47100,314900,0
000185,2025-07-01,82000,8200,73800,0
000186,2025-07-01,337000,47200,289800,0
000187,2025-07-01,125000,20000,105000,0
000188,2025-07-01,131000,19600,111400,0
000189,2025-07-01,111000,13300,97700,0
000190,2025-07-01,60000,5400,54600,1
000191,2025-07-01,73000,6600,66400,0
000192,2025-07-01,56000,8400,47600,0
000193,2025-07-01,75000,6800,68200,0
000194,2025-07-01,487000,77900,409100,0
000195,2025-07-01,98000,9800,88200,0
000199,2025-07-01,33000,4300,28700,0
000200,2025-07-01,73000,11700,61300,0
000201,2025-07-01,227000,31800,195200,0
000202,2025-07-01,60000,7800,52200,0
000203,2025-07-01,139000,19500,119500,0
000204,2025-07-01,78000,12500,65500,0
000205,2025-07-01,127000,20300,106700,0
000206,2025-07-01,73000,7300,65700,0
000207,2025-07-01,140000,22400,117600,0
000208,2025-07-01,32000,3800,28200,0
000209,2025-07-01,242000,33900,208100,0
000210,2025-07-01,42000,5500,36500,2
000211,2025-07-01,47000,5600,41400,0
000212,2025-07-01,32000,2900,29100,0
000213,2025-07-01,311000,43500,267500,2
000214,2025-07-01,43000,3400,39600,2
000215,2025-07-01,73000,8800,64200,0
000216,2025-07-01,70000,7700,62300,0
000220,2025-07-01,188000,16900,171100,0
000224,2025-07-01,136000,12200,123800,0
000225,2025-07-01,648000,97200,550800,0
000226,2025-07-01,68000,9500,58500,0
000227,2025-07-01,132000,11900,120100,0
000228,2025-07-01,69000,11000,58000,0
000231,2025-07-01,85000,12800,72200,0
000232,2025-07-01,45000,5000,40000,0
000233,2025-07-01,481000,72200,408800,0
000234,2025-07-01,97000,13600,83400,0
000236,2025-07-01,67000,8700,58300,0
000237,2025-07-01,198000,19800,178200,0
000238,2025-07-01,45000,4000,41000,1
000239,2025-07-01,31000,3100,27900,0
000241,2025-07-01,59000,5300,53700,0
000242,2025-07-01,81000,7300,73700,0
000243,2025-07-01,26000,2100,23900,0
000244,2025-07-01,152000,12200,139800,0
000245,2025-07-01,351000,31600,319400,0
000247,2025-07-01,184000,27600,156400,0
000248,2025-07-01,326000,48900,277100,0
000249,2025-07-01,179000,26800,152200,0
000250,2025-07-01,131000,19600,111400,0
000251,2025-07-01,129000,16800,112200,0
000252,2025-07-01,38000,4900,33100,0
000253,2025-07-01,185000,18500,166500,0
000254,2025-07-01,71000,5700,65300,0
000255,2025-07-01,67000,10700,56300,0
000256,2025-07-01,50000,7500,42500,0
000258,2025-07-01,192000,21100,170900,0
000259,2025-07-01,29000,4600,24400,0
000260,2025-07-01,28000,2500,25500,0
000261,2025-07-01,38000,5700,32300,0
000262,2025-07-01,91000,10000,81000,0
000263,2025-07-01,72000,7200,64800,1
000264,2025-07-01,199000,25900,173100,1
000265,2025-07-01,72000,7900,64100,0
000266,2025-07-01,26000,2300,23700,0
000267,2025-07-01,42000,3800,38200,0
000268,2025-07-01,127000,20300,106700,0
000270,2025-07-01,236000,30700,205300,0
000271,2025-07-01,145000,16000,129000,0
000272,2025-07-01,184000,29400,154600,0
000273,2025-07-01,50000,6000,44000,0
000275,2025-07-01,98000,14700,83300,0
000276,2025-07-01,46000,5100,40900,0
000278,2025-07-01,69000,7600,61400,0
000279,2025-07-01,29000,3500,25500,1
000280,2025-07-01,82000,12300,69700,0
000283,2025-07-01,83000,8300,74700,0
000284,2025-07-01,48000,7200,40800,0
000285,2025-07-01,33000,5000,28000,0
000286,2025-07-01,27000,3000,24000,0
000288,2025-07-01,157000,25100,131900,0
000289,2025-07-01,43000,4700,38300,1
000290,2025-07-01,399000,51900,347100,0
000291,2025-07-01,52000,8300,43700,0
000292,2025-07-01,42000,3800,38200,0
000293,2025-07-01,225000,18000,207000,0
000294,2025-07-01,618000,49400,568600,0
000295,2025-07-01,55000,8200,46800,0
000296,2025-07-01,41000,6200,34800,0
000297,2025-07-01,33000,4300,28700,0
000298,2025-07-01,430000,47300,382700,0
000300,2025-07-01,75000,6000,69000,0
000302,2025-07-01,27000,2200,24800,0
000303,2025-07-01,139000,16700,122300,0
000304,2025-07-01,51000,4600,46400,0
000305,2025-07-01,60000,7800,52200,0
000306,2025-07-01,42000,4200,37800,0
000307,2025-07-01,69000,6200,62800,1
000308,2025-07-01,222000,22200,199800,0
000309,2025-07-01,113000,14700,98300,0
000310,2025-07-01,174000,19100,154900,0
000311,2025-07-01,682000,109100,572900,0
000312,2025-07-01,127000,14000,113000,0
000313,2025-07-01,89000,13400,75600,1
000314,2025-07-01,35000,5200,29800,0
000315,2025-07-01,134000,13400,120600,0
000316,2025-07-01,28000,2800,25200,0
000317,2025-07-01,63000,9400,53600,0
000319,2025-07-01,380000,38000,342000,0
000320,2025-07-01,107000,9600,97400,0
000321,2025-07-01,154000,13900,140100,0
000322,2025-07-01,68000,6100,61900,0
000323,2025-07-01,43000,4300,38700,0
000325,2025-07-01,49000,7800,41200,0
000326,2025-07-01,85000,9400,75600,0
000327,2025-07-01,150000,16500,133500,1
000328,2025-07-01,717000,100400,616600,0
000329,2025-07-01,136000,10900,125100,0
000330,2025-07-01,41000,4900,36100,0
000331,2025-07-01,40000,4800,35200,0
000332,2025-07-01,32000,2600,29400,0
000333,2025-07-01,58000,9300,48700,0
000334,2025-07-01,76000,6100,69900,0
000335,2025-07-01,46000,4600,41400,0
000336,2025-07-01,382000,38200,343800,0
000337,2025-07-01,80000,8800,71200,0
000338,2025-07-01,94000,12200,81800,0
000339,2025-07-01,31000,2800,28200,0
000340,2025-07-01,71000,5700,65300,0
000341,2025-07-01,63000,8200,54800,0
000342,2025-07-01,50000,7500,42500,0
000343,2025-07-01,379000,41700,337300,0
000344,2025-07-01,188000,22600,165400,2
000345,2025-07-01,97000,15500,81500,0
000346,2025-07-01,90000,10800,79200,0
000347,2025-07-01,132000,10600,121400,0
000349,2025-07-01,118000,11800,106200,0
000350,2025-07-01,121000,9700,111300,0
000351,2025-07-01,64000,6400,57600,0
000352,2025-07-01,65000,7800,57200,0
000353,2025-07-01,233000,18600,214400,0
000355,2025-07-01,132000,11900,120100,0
000356,2025-07-01,68000,5400,62600,0
000357,2025-07-01,45000,5400,39600,0
000358,2025-07-01,63000,5700,57300,0
000359,2025-07-01,27000,2700,24300,0
000361,2025-07-01,80000,6400,73600,0
000362,2025-07-01,54000,6500,47500,0
000363,2025-07-01,49000,3900,45100,0
000364,2025-07-01,59000,8300,50700,0
000365,2025-07-01,45000,6800,38200,1
000366,2025-07-01,198000,23800,174200,0
000368,2025-07-01,114000,14800,99200,0
000369,2025-07-01,48000,4800,43200,0
000370,2025-07-01,46000,4100,41900,1
000371,2025-07-01,87000,13000,74000,0
000372,2025-07-01,137000,21900,115100,0
000373,2025-07-01,50000,8000,42000,0
000374,2025-07-01,77000,10800,66200,0
000375,2025-07-01,619000,86700,532300,0
000376,2025-07-01,45000,6800,38200,0
000377,2025-07-01,53000,8500,44500,0
000378,2025-07-01,50000,6500,43500,0
000379,2025-07-01,127000,10200,116800,0
000380,2025-07-01,148000,19200,128800,0
000381,2025-07-01,33000,3600,29400,0
000382,2025-07-01,105000,9400,95600,0
000383,2025-07-01,169000,18600,150400,0
000384,2025-07-01,145000,17400,127600,0
000385,2025-07-01,57000,6800,50200,0
000386,2025-07-01,126000,17600,108400,0
000387,2025-07-01,50000,4000,46000,0
000388,2025-07-01,42000,5500,36500,0
000389,2025-07-01,25000,3200,21800,0
000390,2025-07-01,407000,48800,358200,0
000392,2025-07-01,245000,39200,205800,0
000393,2025-07-01,34000,3700,30300,0
000394,2025-07-01,139000,20800,118200,0
000395,2025-07-01,135000,18900,116100,1
000397,2025-07-01,49000,6400,42600,0
000398,2025-07-01,145000,14500,130500,0
000399,2025-07-01,38000,3000,35000,0
000400,2025-07-01,50000,7000,43000,0
000401,2025-07-01,88000,11400,76600,0
000402,2025-07-01,33000,3000,30000,0
000403,2025-07-01,26000,3900,22100,0
000404,2025-07-01,58000,7000,51000,0
000405,2025-07-01,91000,10900,80100,0
000406,2025-07-01,242000,38700,203300,0
000407,2025-07-01,26000,3100,22900,0
000408,2025-07-01,45000,4000,41000,0
000409,2025-07-01,216000,25900,190100,0
000410,2025-07-01,77000,9200,67800,0
000411,2025-07-01,77000,11600,65400,0
000412,2025-07-01,25000,4000,21000,1
000415,2025-07-01,84000,7600,76400,2
000416,2025-07-01,55000,5000,50000,0
000417,2025-07-01,42000,6700,35300,0
000418,2025-07-01,62000,8700,53300,0
000419,2025-07-01,29000,4400,24600,1
000420,2025-07-01,109000,16400,92600,0
000421,2025-07-01,67000,6700,60300,0
000423,2025-07-01,65000,7200,57800,0
000424,2025-07-01,236000,28300,207700,0
000425,2025-07-01,47000,7000,40000,0
000426,2025-07-01,51000,6100,44900,0
000427,2025-07-01,51000,5100,45900,0
000428,2025-07-01,76000,12200,63800,0
000430,2025-07-01,74000,7400,66600,0
000431,2025-07-01,55000,5500,49500,0
000433,2025-07-01,104000,12500,91500,0
000434,2025-07-01,150000,24000,126000,0
000435,2025-07-01,65000,7200,57800,1
000436,2025-07-01,94000,15000,79000,0
000437,2025-07-01,38000,5700,32300,0
000438,2025-07-01,80000,7200,72800,1
000439,2025-07-01,81000,13000,68000,2
000440,2025-07-01,110000,13200,96800,0
000441,2025-07-01,62000,5600,56400,1
000442,2025-07-01,83000,10000,73000,2
000444,2025-07-01,52000,4700,47300,0
000445,2025-07-01,58000,7500,50500,0
000446,2025-07-01,69000,7600,61400,0
000448,2025-07-01,53000,8500,44500,0
000450,2025-07-01,70000,11200,58800,0
000452,2025-07-01,71000,8500,62500,0
000453,2025-07-01,131000,17000,114000,0
000454,2025-07-01,43000,4300,38700,0
000455,2025-07-01,128000,11500,116500,0
000457,2025-07-01,50000,4500,45500,0
000459,2025-07-01,382000,57300,324700,1
000462,2025-07-01,97000,9700,87300,0
000463,2025-07-01,29000,4600,24400,0
000464,2025-07-01,80000,11200,68800,0
000465,2025-07-01,56000,8400,47600,0
000467,2025-07-01,55000,4400,50600,0
000468,2025-07-01,209000,18800,190200,0
000469,2025-07-01,66000,9200,56800,0
000470,2025-07-01,66000,9900,56100,0
000471,2025-07-01,50000,5000,45000,0
000473,2025-07-01,74000,11800,62200,0
000474,2025-07-01,40000,5600,34400,0
000475,2025-07-01,48000,7200,40800,0
000476,2025-07-01,163000,22800,140200,0
000478,2025-07-01,50000,7000,43000,0
000479,2025-07-01,99000,13900,85100,0
000481,2025-07-01,81000,9700,71300,0
000482,2025-07-01,86000,10300,75700,1
000483,2025-07-01,198000,17800,180200,0
000484,2025-07-01,108000,14000,94000,0
000485,2025-07-01,64000,8300,55700,0
000486,2025-07-01,223000,31200,191800,0
000487,2025-07-01,48000,3800,44200,0
000488,2025-07-01,75000,8200,66800,0
000490,2025-07-01,172000,27500,144500,0
000491,2025-07-01,117000,16400,100600,0
000492,2025-07-01,46000,6900,39100,0
000493,2025-07-01,176000,28200,147800,0
000494,2025-07-01,71000,9900,61100,0
000495,2025-07-01,89000,8000,81000,0
000496,2025-07-01,282000,25400,256600,0
000497,2025-07-01,29000,3200,25800,0
000498,2025-07-01,47000,4700,42300,0
000499,2025-07-01,32000,4500,27500,3
000500,2025-07-01,36000,5000,31000,0
000501,2025-07-01,60000,6600,53400,0
000502,2025-07-01,150000,24000,126000,0
000503,2025-07-01,39000,3100,35900,0
000506,2025-07-01,60000,7200,52800,1
000507,2025-07-01,103000,12400,90600,0
000508,2025-07-01,40000,5200,34800,0
000509,2025-07-01,166000,19900,146100,0
000510,2025-07-01,98000,13700,84300,0
000511,2025-07-01,72000,10800,61200,0
000512,2025-07-01,95000,8600,86400,0
000513,2025-07-01,70000,8400,61600,0
000514,2025-07-01,32000,5100,26900,0
000517,2025-07-01,56000,4500,51500,0
000519,2025-07-01,52000,8300,43700,0
000521,2025-07-01,72000,10800,61200,0
000523,2025-07-01,37000,3300,33700,0
000524,2025-07-01,45000,4500,40500,0
000525,2025-07-01,50000,6000,44000,1
000526,2025-07-01,61000,9800,51200,0
000527,2025-07-01,79000,11100,67900,0
000528,2025-07-01,113000,13600,99400,0
000529,2025-07-01,50000,6000,44000,1
000530,2025-07-01,94000,12200,81800,0
000531,2025-07-01,49000,6400,42600,0
000532,2025-07-01,130000,11700,118300,0
000533,2025-07-01,53000,5300,47700,0
000534,2025-07-01,55000,8200,46800,0
000536,2025-07-01,53000,7400,45600,3
000537,2025-07-01,58000,5200,52800,0
000538,2025-07-01,64000,5100,58900,0
000539,2025-07-01,104000,16600,87400,0
000540,2025-07-01,110000,14300,95700,0
000541,2025-07-01,84000,8400,75600,0
000542,2025-07-01,52000,6800,45200,0
000544,2025-07-01,33000,5000,28000,0
000545,2025-07-01,66000,7900,58100,0
000546,2025-07-01,36000,4300,31700,0
000547,2025-07-01,248000,34700,213300,0
000548,2025-07-01,40000,4800,35200,3
000549,2025-07-01,124000,19800,104200,0
000550,2025-07-01,415000,58100,356900,0
000551,2025-07-01,67000,8000,59000,0
000552,2025-07-01,150000,18000,132000,0
000553,2025-07-01,26000,3900,22100,0
000554,2025-07-01,55000,4400,50600,0
000555,2025-07-01,96000,11500,84500,0
000556,2025-07-01,75000,8200,66800,0
000557,2025-07-01,27000,2200,24800,0
000558,2025-07-01,53000,6900,46100,0
000559,2025-07-01,228000,31900,196100,0
000560,2025-07-01,140000,14000,126000,0
000561,2025-07-01,68000,8200,59800,0
000562,2025-07-01,227000,29500,197500,0
000563,2025-07-01,64000,5100,58900,0
000564,2025-07-01,39000,5500,33500,0
000565,2025-07-01,147000,14700,132300,0
000567,2025-07-01,129000,19400,109600,0
000568,2025-07-01,102000,15300,86700,0
000569,2025-07-01,728000,94600,633400,0
000570,2025-07-01,99000,8900,90100,0
000571,2025-07-01,38000,3400,34600,0
000572,2025-07-01,50000,8000,42000,0
000573,2025-07-01,124000,19800,104200,0
000574,2025-07-01,83000,6600,76400,0
000575,2025-07-01,83000,6600,76400,0
000576,2025-07-01,73000,10200,62800,0
000577,2025-07-01,136000,21800,114200,0
000578,2025-07-01,59000,5900,53100,0
000579,2025-07-01,122000,15900,106100,0
000580,2025-07-01,51000,4100,46900,0
000581,2025-07-01,203000,20300,182700,1
000582,2025-07-01,70000,8400,61600,3
000583,2025-07-01,82000,11500,70500,0
000585,2025-07-01,52000,5200,46800,0
000587,2025-07-01,45000,5000,40000,0
000588,2025-07-01,30000,3900,26100,0
000589,2025-07-01,74000,10400,63600,0
000590,2025-07-01,64000,9600,54400,0
000591,2025-07-01,48000,4800,43200,0
000592,2025-07-01,42000,6700,35300,0
000593,2025-07-01,32000,5100,26900,0
000594,2025-07-01,71000,9200,61800,0
000595,2025-07-01,78000,9400,68600,0
000596,2025-07-01,45000,6300,38700,0
000597,2025-07-01,44000,5300,38700,0
000598,2025-07-01,80000,8000,72000,0
000599,2025-07-01,40000,3600,36400,0
000600,2025-07-01,54000,5400,48600,0
000101,2025-08-01,42000,5000,37000,1
000102,2025-08-01,33000,5000,28000,0
000104,2025-08-01,170000,15300,154700,0
000105,2025-08-01,110000,15400,94600,0
000106,2025-08-01,81000,9700,71300,0
000107,2025-08-01,48000,4800,43200,0
000110,2025-08-01,304000,48600,255400,0
000113,2025-08-01,31000,2800,28200,0
000114,2025-08-01,76000,6100,69900,0
000115,2025-08-01,177000,15900,161100,0
000116,2025-08-01,54000,5900,48100,0
000117,2025-08-01,47000,5200,41800,0
000118,2025-08-01,36000,4000,32000,0
000119,2025-08-01,57000,5700,51300,0
000120,2025-08-01,25000,3200,21800,0
000121,2025-08-01,360000,28800,331200,0
000122,2025-08-01,172000,15500,156500,0
000123,2025-08-01,141000,19700,121300,0
000124,2025-08-01,28000,4500,23500,0
000127,2025-08-01,50000,6500,43500,1
000128,2025-08-01,65000,7800,57200,2
000129,2025-08-01,29000,3500,25500,1
000130,2025-08-01,209000,33400,175600,0
000131,2025-08-01,66000,8600,57400,0
000132,2025-08-01,132000,14500,117500,0
000133,2025-08-01,50000,4500,45500,0
000134,2025-08-01,71000,9200,61800,0
000135,2025-08-01,26000,2600,23400,0
000136,2025-08-01,54000,8600,45400,0
000137,2025-08-01,44000,6200,37800,0
000139,2025-08-01,129000,18100,110900,0
000141,2025-08-01,185000,18500,166500,2
000142,2025-08-01,37000,3000,34000,0
000143,2025-08-01,123000,18400,104600,0
000144,2025-08-01,121000,18200,102800,0
000145,2025-08-01,26000,2600,23400,0
000146,2025-08-01,203000,18300,184700,0
000147,2025-08-01,110000,17600,92400,0
000148,2025-08-01,46000,5500,40500,0
000149,2025-08-01,119000,13100,105900,0
000150,2025-08-01,51000,7600,43400,0
000151,2025-08-01,36000,3200,32800,0
000152,2025-08-01,49000,7800,41200,0
000153,2025-08-01,145000,14500,130500,0
000155,2025-08-01,250000,25000,225000,1
000156,2025-08-01,113000,9000,104000,0
000157,2025-08-01,56000,6200,49800,0
000158,2025-08-01,74000,6700,67300,0
000160,2025-08-01,59000,4700,54300,0
000161,2025-08-01,39000,5500,33500,0
000162,2025-08-01,245000,19600,225400,0
000164,2025-08-01,80000,12800,67200,1
000165,2025-08-01,218000,30500,187500,1
000166,2025-08-01,91000,10900,80100,0
000167,2025-08-01,76000,6800,69200,0
000168,2025-08-01,128000,14100,113900,0
000169,2025-08-01,394000,51200,342800,0
000170,2025-08-01,86000,7700,78300,0
000171,2025-08-01,140000,21000,119000,0
000172,2025-08-01,93000,14900,78100,0
000173,2025-08-01,45000,5400,39600,0
000174,2025-08-01,237000,30800,206200,0
000175,2025-08-01,246000,19700,226300,0
000176,2025-08-01,137000,11000,126000,0
000178,2025-08-01,89000,8900,80100,0
000179,2025-08-01,122000,14600,107400,0
000180,2025-08-01,41000,5700,35300,1
000181,2025-08-01,75000,6000,69000,0
000182,2025-08-01,178000,24900,153100,1
000183,2025-08-01,59000,8300,50700,2
000184,2025-08-01,362000,50700,311300,0
000185,2025-08-01,82000,7400,74600,1
000186,2025-08-01,337000,37100,299900,0
000187,2025-08-01,125000,18800,106200,2
000188,2025-08-01,131000,15700,115300,0
000189,2025-08-01,111000,17800,93200,0
000190,2025-08-01,60000,9600,50400,0
000191,2025-08-01,73000,11700,61300,0
000192,2025-08-01,56000,7800,48200,0
000193,2025-08-01,75000,10500,64500,0
000194,2025-08-01,487000,39000,448000,0
000195,2025-08-01,98000,15700,82300,0
000199,2025-08-01,33000,3000,30000,0
000200,2025-08-01,73000,11000,62000,0
000201,2025-08-01,227000,18200,208800,0
000202,2025-08-01,60000,6000,54000,0
000203,2025-08-01,139000,20800,118200,0
000204,2025-08-01,78000,8600,69400,0
000205,2025-08-01,127000,12700,114300,0
000206,2025-08-01,73000,9500,63500,0
000207,2025-08-01,140000,22400,117600,0
000208,2025-08-01,32000,3200,28800,0
000209,2025-08-01,242000,21800,220200,0
000210,2025-08-01,42000,5500,36500,0
000211,2025-08-01,47000,7000,40000,1
000212,2025-08-01,32000,2900,29100,0
000213,2025-08-01,311000,28000,283000,0
000214,2025-08-01,43000,5200,37800,0
000215,2025-08-01,73000,6600,66400,0
000216,2025-08-01,70000,11200,58800,0
000220,2025-08-01,188000,26300,161700,0
000224,2025-08-01,136000,13600,122400,1
000225,2025-08-01,648000,97200,550800,0
000226,2025-08-01,68000,10200,57800,0
000227,2025-08-01,132000,15800,116200,0
000228,2025-08-01,69000,6900,62100,0
000231,2025-08-01,85000,10200,74800,0
000232,2025-08-01,45000,3600,41400,0
000233,2025-08-01,481000,48100,432900,0
000234,2025-08-01,97000,9700,87300,0
000235,2025-08-01,110000,8800,101200,0
000236,2025-08-01,67000,5400,61600,0
000237,2025-08-01,198000,25700,172300,0
000238,2025-08-01,45000,6800,38200,0
000239,2025-08-01,31000,3700,27300,0
000241,2025-08-01,59000,5900,53100,0
000242,2025-08-01,81000,10500,70500,0
000243,2025-08-01,26000,3100,22900,0
000244,2025-08-01,152000,24300,127700,0
000245,2025-08-01,351000,56200,294800,0
000246,2025-08-01,50000,7500,42500,0
000247,2025-08-01,184000,25800,158200,0
000248,2025-08-01,326000,52200,273800,0
000249,2025-08-01,179000,23300,155700,1
000250,2025-08-01,131000,17000,114000,0
000251,2025-08-01,129000,10300,118700,1
000252,2025-08-01,38000,3000,35000,0
000253,2025-08-01,185000,16600,168400,0
000254,2025-08-01,71000,9200,61800,2
000255,2025-08-01,67000,5400,61600,0
000256,2025-08-01,50000,7500,42500,0
000258,2025-08-01,192000,21100,170900,0
000259,2025-08-01,29000,4100,24900,0
000260,2025-08-01,28000,2200,25800,0
000261,2025-08-01,38000,3400,34600,1
000262,2025-08-01,91000,10900,80100,0
000263,2025-08-01,72000,8600,63400,0
000264,2025-08-01,199000,31800,167200,0
000265,2025-08-01,72000,7900,64100,0
000266,2025-08-01,26000,2600,23400,0
000267,2025-08-01,42000,6300,35700,0
000268,2025-08-01,127000,11400,115600,0
000270,2025-08-01,236000,37800,198200,1
000271,2025-08-01,145000,16000,129000,1
000272,2025-08-01,184000,16600,167400,0
000273,2025-08-01,50000,4500,45500,0
000275,2025-08-01,98000,9800,88200,0
000276,2025-08-01,46000,6400,39600,0
000278,2025-08-01,69000,10400,58600,0
000279,2025-08-01,29000,3800,25200,0
000280,2025-08-01,82000,9000,73000,0
000283,2025-08-01,83000,11600,71400,0
000284,2025-08-01,48000,5800,42200,0
000285,2025-08-01,33000,4600,28400,2
000288,2025-08-01,157000,17300,139700,0
000289,2025-08-01,43000,5200,37800,2
000290,2025-08-01,399000,63800,335200,1
000291,2025-08-01,52000,5700,46300,0
000292,2025-08-01,42000,5000,37000,0
000293,2025-08-01,225000,18000,207000,0
000294,2025-08-01,618000,92700,525300,0
000295,2025-08-01,55000,7700,47300,1
000296,2025-08-01,41000,5300,35700,0
000297,2025-08-01,33000,3300,29700,0
000298,2025-08-01,430000,34400,395600,0
000300,2025-08-01,75000,9800,65200,0
000302,2025-08-01,27000,2200,24800,1
000303,2025-08-01,139000,11100,127900,0
000304,2025-08-01,51000,5600,45400,0
000305,2025-08-01,60000,5400,54600,0
000306,2025-08-01,42000,5900,36100,0
000307,2025-08-01,69000,5500,63500,0
000308,2025-08-01,222000,33300,188700,0
000309,2025-08-01,113000,11300,101700,0
000310,2025-08-01,174000,22600,151400,0
000311,2025-08-01,682000,81800,600200,1
000312,2025-08-01,127000,12700,114300,0
000313,2025-08-01,89000,8900,80100,3
000314,2025-08-01,35000,4600,30400,0
000315,2025-08-01,134000,13400,120600,0
000316,2025-08-01,28000,2200,25800,0
000317,2025-08-01,63000,6900,56100,0
000319,2025-08-01,380000,49400,330600,0
000320,2025-08-01,107000,12800,94200,2
000321,2025-08-01,154000,20000,134000,0
000322,2025-08-01,68000,10200,57800,0
000323,2025-08-01,43000,4700,38300,0
000325,2025-08-01,49000,7800,41200,0
000326,2025-08-01,85000,11000,74000,0
000327,2025-08-01,150000,13500,136500,0
000328,2025-08-01,717000,86000,631000,0
000329,2025-08-01,136000,16300,119700,1
000330,2025-08-01,41000,3700,37300,0
000331,2025-08-01,40000,3200,36800,0
000332,2025-08-01,32000,5100,26900,0
000333,2025-08-01,58000,7000,51000,0
000334,2025-08-01,76000,6800,69200,0
000335,2025-08-01,46000,6000,40000,1
000336,2025-08-01,382000,38200,343800,0
000337,2025-08-01,80000,8800,71200,1
000338,2025-08-01,94000,12200,81800,1
000339,2025-08-01,31000,2800,28200,0
000340,2025-08-01,71000,10600,60400,0
000341,2025-08-01,63000,5000,58000,0
000342,2025-08-01,50000,8000,42000,0
000343,2025-08-01,379000,56800,322200,0
000344,2025-08-01,188000,20700,167300,0
000345,2025-08-01,97000,9700,87300,3
000346,2025-08-01,90000,9900,80100,0
000347,2025-08-01,132000,17200,114800,0
000349,2025-08-01,118000,16500,101500,0
000350,2025-08-01,121000,12100,108900,0
000351,2025-08-01,64000,6400,57600,0
000352,2025-08-01,65000,5800,59200,0
000353,2025-08-01,233000,30300,202700,0
000355,2025-08-01,132000,13200,118800,0
000356,2025-08-01,68000,8200,59800,0
000357,2025-08-01,45000,4500,40500,0
000358,2025-08-01,63000,6300,56700,0
000359,2025-08-01,27000,3500,23500,0
000361,2025-08-01,80000,6400,73600,0
000362,2025-08-01,54000,7600,46400,0
000363,2025-08-01,49000,5400,43600,0
000364,2025-08-01,59000,9400,49600,0
000365,2025-08-01,45000,5400,39600,0
000366,2025-08-01,198000,17800,180200,0
000368,2025-08-01,114000,12500,101500,0
000369,2025-08-01,48000,3800,44200,0
000370,2025-08-01,46000,6900,39100,0
000371,2025-08-01,87000,13900,73100,0
000372,2025-08-01,137000,17800,119200,0
000373,2025-08-01,50000,4500,45500,0
000374,2025-08-01,77000,10800,66200,0
000375,2025-08-01,619000,68100,550900,0
000376,2025-08-01,45000,4500,40500,1
000377,2025-08-01,53000,5300,47700,0
000378,2025-08-01,50000,5000,45000,0
000379,2025-08-01,127000,19000,108000,0
000380,2025-08-01,148000,14800,133200,0
000381,2025-08-01,33000,3000,30000,0
000382,2025-08-01,105000,11600,93400,0
000383,2025-08-01,169000,16900,152100,0
000384,2025-08-01,145000,14500,130500,0
000385,2025-08-01,57000,5700,51300,0
000386,2025-08-01,126000,20200,105800,0
000387,2025-08-01,50000,7500,42500,0
000388,2025-08-01,42000,3800,38200,0
000389,2025-08-01,25000,4000,21000,0
000390,2025-08-01,407000,52900,354100,0
000392,2025-08-01,245000,31800,213200,0
000393,2025-08-01,34000,5100,28900,0
000394,2025-08-01,139000,19500,119500,0
000395,2025-08-01,135000,10800,124200,0
000397,2025-08-01,49000,5400,43600,0
000398,2025-08-01,145000,16000,129000,0
000399,2025-08-01,38000,3800,34200,0
000400,2025-08-01,50000,5000,45000,0
000401,2025-08-01,88000,10600,77400,0
000402,2025-08-01,33000,5300,27700,0
000403,2025-08-01,26000,3900,22100,0
000404,2025-08-01,58000,9300,48700,0
000405,2025-08-01,91000,9100,81900,0
000406,2025-08-01,242000,26600,215400,0
000407,2025-08-01,26000,2100,23900,0
000408,2025-08-01,45000,6800,38200,0
000409,2025-08-01,216000,21600,194400,2
000410,2025-08-01,77000,6900,70100,1
000411,2025-08-01,77000,10000,67000,0
000412,2025-08-01,25000,2000,23000,0
000414,2025-08-01,40000,3200,36800,0
000415,2025-08-01,84000,6700,77300,0
000416,2025-08-01,55000,5500,49500,0
000417,2025-08-01,42000,6300,35700,0
000418,2025-08-01,62000,6200,55800,0
000419,2025-08-01,29000,3800,25200,0
000420,2025-08-01,109000,10900,98100,0
000421,2025-08-01,67000,5400,61600,0
000423,2025-08-01,65000,5200,59800,0
000424,2025-08-01,236000,30700,205300,0
000425,2025-08-01,47000,7000,40000,0
000426,2025-08-01,51000,4600,46400,0
000427,2025-08-01,51000,4600,46400,0
000428,2025-08-01,76000,6800,69200,0
000430,2025-08-01,74000,6700,67300,0
000431,2025-08-01,55000,4400,50600,0
000432,2025-08-01,115000,18400,96600,0
000433,2025-08-01,104000,8300,95700,0
000434,2025-08-01,150000,24000,126000,0
000435,2025-08-01,65000,9100,55900,0
000436,2025-08-01,94000,8500,85500,0
000437,2025-08-01,38000,3400,34600,0
000438,2025-08-01,80000,6400,73600,0
000439,2025-08-01,81000,10500,70500,0
000440,2025-08-01,110000,15400,94600,2
000441,2025-08-01,62000,5000,57000,0
000442,2025-08-01,83000,8300,74700,0
000444,2025-08-01,52000,7300,44700,0
000445,2025-08-01,58000,7000,51000,0
000446,2025-08-01,69000,8300,60700,0
000448,2025-08-01,53000,7400,45600,0
000450,2025-08-01,70000,8400,61600,0
000452,2025-08-01,71000,7800,63200,0
000453,2025-08-01,131000,15700,115300,0
000454,2025-08-01,43000,6400,36600,0
000455,2025-08-01,128000,17900,110100,0
000457,2025-08-01,50000,4500,45500,0
000459,2025-08-01,382000,45800,336200,0
000462,2025-08-01,97000,9700,87300,0
000463,2025-08-01,29000,4600,24400,1
000464,2025-08-01,80000,8000,72000,0
000465,2025-08-01,56000,9000,47000,0
000467,2025-08-01,55000,8800,46200,0
000468,2025-08-01,209000,18800,190200,0
000469,2025-08-01,66000,6600,59400,0
000470,2025-08-01,66000,5900,60100,0
000471,2025-08-01,50000,7000,43000,0
000473,2025-08-01,74000,9600,64400,0
000474,2025-08-01,40000,4800,35200,0
000475,2025-08-01,48000,4800,43200,1
000476,2025-08-01,163000,21200,141800,0
000478,2025-08-01,50000,6000,44000,0
000479,2025-08-01,99000,7900,91100,1
000482,2025-08-01,86000,7700,78300,0
000483,2025-08-01,198000,31700,166300,0
000484,2025-08-01,108000,13000,95000,0
000485,2025-08-01,64000,9000,55000,0
000486,2025-08-01,223000,26800,196200,1
000487,2025-08-01,48000,6700,41300,0
000488,2025-08-01,75000,9000,66000,0
000490,2025-08-01,172000,22400,149600,0
000491,2025-08-01,117000,12900,104100,1
000492,2025-08-01,46000,5500,40500,0
000493,2025-08-01,176000,28200,147800,0
000494,2025-08-01,71000,9900,61100,0
000495,2025-08-01,89000,8000,81000,0
000496,2025-08-01,282000,22600,259400,0
000497,2025-08-01,29000,3800,25200,0
000498,2025-08-01,47000,5600,41400,1
000499,2025-08-01,32000,3200,28800,0
000500,2025-08-01,36000,4700,31300,0
000501,2025-08-01,60000,8400,51600,0
000502,2025-08-01,150000,15000,135000,0
000503,2025-08-01,39000,3100,35900,0
000504,2025-08-01,44000,4400,39600,0
000506,2025-08-01,60000,5400,54600,0
000507,2025-08-01,103000,12400,90600,0
000508,2025-08-01,40000,4800,35200,0
000509,2025-08-01,166000,18300,147700,0
000510,2025-08-01,98000,13700,84300,0
000511,2025-08-01,72000,9400,62600,0
000512,2025-08-01,95000,7600,87400,0
000513,2025-08-01,70000,10500,59500,0
000514,2025-08-01,32000,2600,29400,0
000516,2025-08-01,117000,10500,106500,0
000517,2025-08-01,56000,7300,48700,0
000518,2025-08-01,142000,12800,129200,1
000519,2025-08-01,52000,7800,44200,0
000521,2025-08-01,72000,8600,63400,0
000523,2025-08-01,37000,4400,32600,0
000524,2025-08-01,45000,7200,37800,0
000525,2025-08-01,50000,7500,42500,0
000526,2025-08-01,61000,6100,54900,0
000527,2025-08-01,79000,6300,72700,0
000528,2025-08-01,113000,14700,98300,0
000529,2025-08-01,50000,5500,44500,0
000530,2025-08-01,94000,9400,84600,1
000531,2025-08-01,49000,6400,42600,0
000532,2025-08-01,130000,10400,119600,0
000533,2025-08-01,53000,4200,48800,0
000534,2025-08-01,55000,7200,47800,1
000535,2025-08-01,48000,7700,40300,0
000536,2025-08-01,53000,6900,46100,0
000537,2025-08-01,58000,4600,53400,0
000538,2025-08-01,64000,9600,54400,0
000539,2025-08-01,104000,10400,93600,0
000540,2025-08-01,110000,16500,93500,0
000541,2025-08-01,84000,7600,76400,0
000542,2025-08-01,52000,5700,46300,0
000543,2025-08-01,55000,5000,50000,2
000544,2025-08-01,33000,4600,28400,0
000545,2025-08-01,66000,5900,60100,0
000546,2025-08-01,36000,2900,33100,0
000547,2025-08-01,248000,32200,215800,0
000548,2025-08-01,40000,5600,34400,0
000549,2025-08-01,124000,12400,111600,0
000550,2025-08-01,415000,62200,352800,0
000551,2025-08-01,67000,8700,58300,0
000552,2025-08-01,150000,16500,133500,2
000553,2025-08-01,26000,2600,23400,1
000554,2025-08-01,55000,8200,46800,0
000555,2025-08-01,96000,15400,80600,0
000556,2025-08-01,75000,9000,66000,0
000557,2025-08-01,27000,3000,24000,0
000558,2025-08-01,53000,5800,47200,0
000559,2025-08-01,228000,29600,198400,0
000560,2025-08-01,140000,12600,127400,2
000561,2025-08-01,68000,10200,57800,1
000562,2025-08-01,227000,34000,193000,0
000563,2025-08-01,64000,10200,53800,0
000564,2025-08-01,39000,4300,34700,0
000565,2025-08-01,147000,22000,125000,0
000567,2025-08-01,129000,16800,112200,0
000568,2025-08-01,102000,16300,85700,0
000569,2025-08-01,728000,116500,611500,0
000570,2025-08-01,99000,8900,90100,0
000571,2025-08-01,38000,5300,32700,2
000572,2025-08-01,50000,8000,42000,1
000573,2025-08-01,124000,18600,105400,0
000574,2025-08-01,83000,10000,73000,0
000575,2025-08-01,83000,9100,73900,0
000576,2025-08-01,73000,7300,65700,2
000577,2025-08-01,136000,21800,114200,1
000578,2025-08-01,59000,7100,51900,0
000579,2025-08-01,122000,19500,102500,0
000580,2025-08-01,51000,5100,45900,3
000581,2025-08-01,203000,20300,182700,0
000582,2025-08-01,70000,9800,60200,0
000583,2025-08-01,82000,10700,71300,0
000585,2025-08-01,52000,7300,44700,0
000587,2025-08-01,45000,6800,38200,0
000588,2025-08-01,30000,2700,27300,0
000589,2025-08-01,74000,11100,62900,0
000590,2025-08-01,64000,5100,58900,0
000591,2025-08-01,48000,7700,40300,0
000592,2025-08-01,42000,6700,35300,1
000593,2025-08-01,32000,2900,29100,0
000594,2025-08-01,71000,9900,61100,0
000595,2025-08-01,78000,9400,68600,0
000596,2025-08-01,45000,6800,38200,0
000597,2025-08-01,44000,5700,38300,0
000598,2025-08-01,80000,6400,73600,0
000599,2025-08-01,40000,3600,36400,0
000600,2025-08-01,54000,4900,49100,0
000101,2025-09-01,42000,5000,37000,0
000102,2025-09-01,33000,4300,28700,0
000104,2025-09-01,170000,15300,154700,0
000105,2025-09-01,110000,12100,97900,0
000106,2025-09-01,81000,12200,68800,0
000107,2025-09-01,48000,7200,40800,0
000110,2025-09-01,304000,24300,279700,0
000113,2025-09-01,31000,3100,27900,0
000114,2025-09-01,76000,11400,64600,0
000115,2025-09-01,177000,15900,161100,0
000116,2025-09-01,54000,5900,48100,0
000117,2025-09-01,47000,6600,40400,0
000118,2025-09-01,36000,5400,30600,1
000119,2025-09-01,57000,8000,49000,0
000120,2025-09-01,25000,3800,21200,0
000121,2025-09-01,360000,54000,306000,0
000122,2025-09-01,172000,17200,154800,0
000123,2025-09-01,141000,11300,129700,0
000124,2025-09-01,28000,4500,23500,0
000127,2025-09-01,50000,8000,42000,0
000128,2025-09-01,65000,7200,57800,0
000129,2025-09-01,29000,3500,25500,1
000130,2025-09-01,209000,29300,179700,0
000131,2025-09-01,66000,10600,55400,0
000132,2025-09-01,132000,17200,114800,0
000133,2025-09-01,50000,4000,46000,0
000134,2025-09-01,71000,9200,61800,0
000135,2025-09-01,26000,3900,22100,0
000136,2025-09-01,54000,6500,47500,0
000137,2025-09-01,44000,5300,38700,0
000139,2025-09-01,129000,10300,118700,0
000141,2025-09-01,185000,27800,157200,0
000142,2025-09-01,37000,5200,31800,0
000143,2025-09-01,123000,18400,104600,0
000144,2025-09-01,121000,10900,110100,0
000145,2025-09-01,26000,3400,22600,0
000146,2025-09-01,203000,24400,178600,0
000147,2025-09-01,110000,15400,94600,0
000148,2025-09-01,46000,5100,40900,0
000149,2025-09-01,119000,16700,102300,0
000150,2025-09-01,51000,5100,45900,2
000151,2025-09-01,36000,3200,32800,2
000152,2025-09-01,49000,6400,42600,0
000153,2025-09-01,145000,16000,129000,0
000155,2025-09-01,250000,32500,217500,0
000156,2025-09-01,113000,11300,101700,0
000157,2025-09-01,56000,9000,47000,0
000158,2025-09-01,74000,8100,65900,0
000160,2025-09-01,59000,5300,53700,0
000161,2025-09-01,39000,6200,32800,0
000162,2025-09-01,245000,31800,213200,0
000164,2025-09-01,80000,9600,70400,0
000165,2025-09-01,218000,26200,191800,0
000166,2025-09-01,91000,10900,80100,2
000167,2025-09-01,76000,9100,66900,0
000168,2025-09-01,128000,15400,112600,0
000169,2025-09-01,394000,43300,350700,0
000170,2025-09-01,86000,10300,75700,0
000171,2025-09-01,140000,15400,124600,0
000172,2025-09-01,93000,13000,80000,0
000173,2025-09-01,45000,7200,37800,0
000174,2025-09-01,237000,30800,206200,0
000175,2025-09-01,246000,36900,209100,0
000176,2025-09-01,137000,21900,115100,0
000178,2025-09-01,89000,10700,78300,0
000179,2025-09-01,122000,9800,112200,0
000180,2025-09-01,41000,6200,34800,3
000181,2025-09-01,75000,6800,68200,0
000182,2025-09-01,178000,26700,151300,0
000183,2025-09-01,59000,9400,49600,0
000184,2025-09-01,362000,50700,311300,0
000185,2025-09-01,82000,8200,73800,0
000186,2025-09-01,337000,37100,299900,0
000187,2025-09-01,125000,17500,107500,0
000188,2025-09-01,131000,11800,119200,0
000189,2025-09-01,111000,8900,102100,0
000190,2025-09-01,60000,7800,52200,0
000191,2025-09-01,73000,8000,65000,0
000192,2025-09-01,56000,7800,48200,0
000193,2025-09-01,75000,10500,64500,0
000194,2025-09-01,487000,73000,414000,0
000195,2025-09-01,98000,13700,84300,2
000199,2025-09-01,33000,3600,29400,2
000200,2025-09-01,73000,9500,63500,1
000201,2025-09-01,227000,29500,197500,0
000202,2025-09-01,60000,5400,54600,0
000203,2025-09-01,139000,18100,120900,0
000204,2025-09-01,78000,7800,70200,0
000205,2025-09-01,127000,12700,114300,0
000206,2025-09-01,73000,8800,64200,0
000207,2025-09-01,140000,19600,120400,0
000208,2025-09-01,32000,3800,28200,0
000209,2025-09-01,242000,33900,208100,0
000210,2025-09-01,42000,5900,36100,0
000211,2025-09-01,47000,3800,43200,0
000212,2025-09-01,32000,4200,27800,0
000213,2025-09-01,311000,37300,273700,0
000214,2025-09-01,43000,3400,39600,0
000215,2025-09-01,73000,6600,66400,0
000216,2025-09-01,70000,10500,59500,0
000220,2025-09-01,188000,22600,165400,0
000222,2025-09-01,33000,3600,29400,0
000224,2025-09-01,136000,15000,121000,0
000225,2025-09-01,648000,84200,563800,0
000226,2025-09-01,68000,10900,57100,1
000227,2025-09-01,132000,18500,113500,0
000228,2025-09-01,69000,9000,60000,0
000231,2025-09-01,85000,8500,76500,0
000232,2025-09-01,45000,4500,40500,0
000233,2025-09-01,481000,48100,432900,0
000234,2025-09-01,97000,8700,88300,0
000235,2025-09-01,110000,12100,97900,0
000236,2025-09-01,67000,9400,57600,0
000237,2025-09-01,198000,17800,180200,0
000238,2025-09-01,45000,6800,38200,0
000239,2025-09-01,31000,4600,26400,0
000241,2025-09-01,59000,8800,50200,0
000242,2025-09-01,81000,10500,70500,0
000243,2025-09-01,26000,2600,23400,0
000244,2025-09-01,152000,12200,139800,0
000245,2025-09-01,351000,38600,312400,0
000246,2025-09-01,50000,6000,44000,0
000247,2025-09-01,184000,14700,169300,0
000248,2025-09-01,326000,32600,293400,0
000249,2025-09-01,179000,26800,152200,0
000250,2025-09-01,131000,10500,120500,0
000251,2025-09-01,129000,12900,116100,0
000252,2025-09-01,38000,3000,35000,0
000253,2025-09-01,185000,25900,159100,0
000254,2025-09-01,71000,11400,59600,1
000255,2025-09-01,67000,6000,61000,0
000256,2025-09-01,50000,7500,42500,0
000258,2025-09-01,192000,17300,174700,0
000259,2025-09-01,29000,2900,26100,0
000260,2025-09-01,28000,3600,24400,1
000261,2025-09-01,38000,5700,32300,0
000262,2025-09-01,91000,9100,81900,0
000263,2025-09-01,72000,6500,65500,0
000264,2025-09-01,199000,15900,183100,0
000265,2025-09-01,72000,9400,62600,0
000266,2025-09-01,26000,3100,22900,0
000267,2025-09-01,42000,4200,37800,0
000268,2025-09-01,127000,14000,113000,1
000270,2025-09-01,236000,21200,214800,0
000271,2025-09-01,145000,13000,132000,0
000272,2025-09-01,184000,29400,154600,0
000273,2025-09-01,50000,5500,44500,0
000275,2025-09-01,98000,15700,82300,0
000276,2025-09-01,46000,3700,42300,0
000278,2025-09-01,69000,6200,62800,0
000279,2025-09-01,29000,4400,24600,0
000280,2025-09-01,82000,9000,73000,0
000283,2025-09-01,83000,10000,73000,0
000284,2025-09-01,48000,6200,41800,0
000285,2025-09-01,33000,3000,30000,0
000288,2025-09-01,157000,15700,141300,0
000289,2025-09-01,43000,5200,37800,1
000290,2025-09-01,399000,39900,359100,0
000291,2025-09-01,52000,6200,45800,0
000292,2025-09-01,42000,4200,37800,0
000293,2025-09-01,225000,27000,198000,0
000294,2025-09-01,618000,68000,550000,0
000295,2025-09-01,55000,4400,50600,1
000296,2025-09-01,41000,4500,36500,0
000297,2025-09-01,33000,5000,28000,2
000298,2025-09-01,430000,51600,378400,0
000300,2025-09-01,75000,12000,63000,0
000302,2025-09-01,27000,2200,24800,0
000303,2025-09-01,139000,13900,125100,0
000304,2025-09-01,51000,7100,43900,0
000305,2025-09-01,60000,5400,54600,0
000306,2025-09-01,42000,4600,37400,0
000307,2025-09-01,69000,8300,60700,0
000308,2025-09-01,222000,31100,190900,0
000309,2025-09-01,113000,11300,101700,0
000310,2025-09-01,174000,22600,151400,1
000311,2025-09-01,682000,102300,579700,0
000312,2025-09-01,127000,12700,114300,1
000313,2025-09-01,89000,8900,80100,0
000314,2025-09-01,35000,4900,30100,0
000315,2025-09-01,134000,13400,120600,0
000316,2025-09-01,28000,2800,25200,0
000317,2025-09-01,63000,5700,57300,0
000319,2025-09-01,380000,53200,326800,0
000320,2025-09-01,107000,13900,93100,0
000321,2025-09-01,154000,21600,132400,0
000322,2025-09-01,68000,6800,61200,0
000323,2025-09-01,43000,5200,37800,0
000325,2025-09-01,49000,3900,45100,0
000326,2025-09-01,85000,10200,74800,0
000327,2025-09-01,150000,24000,126000,0
000328,2025-09-01,717000,64500,652500,0
000329,2025-09-01,136000,10900,125100,0
000330,2025-09-01,41000,4500,36500,0
000331,2025-09-01,40000,3600,36400,0
000332,2025-09-01,32000,3200,28800,0
000333,2025-09-01,58000,7000,51000,0
000334,2025-09-01,76000,6800,69200,0
000335,2025-09-01,46000,6400,39600,0
000336,2025-09-01,382000,53500,328500,0
000337,2025-09-01,80000,7200,72800,0
000338,2025-09-01,94000,15000,79000,0
000339,2025-09-01,31000,3700,27300,0
000340,2025-09-01,71000,5700,65300,0
000341,2025-09-01,63000,10100,52900,0
000342,2025-09-01,50000,8000,42000,1
000343,2025-09-01,379000,60600,318400,0
000344,2025-09-01,188000,26300,161700,0
000345,2025-09-01,97000,13600,83400,0
000346,2025-09-01,90000,8100,81900,0
000347,2025-09-01,132000,14500,117500,0
000349,2025-09-01,118000,11800,106200,0
000350,2025-09-01,121000,12100,108900,0
000351,2025-09-01,64000,5100,58900,0
000352,2025-09-01,65000,7800,57200,0
000353,2025-09-01,233000,25600,207400,0
000355,2025-09-01,132000,19800,112200,0
000356,2025-09-01,68000,6100,61900,1
000357,2025-09-01,45000,6800,38200,0
000358,2025-09-01,63000,7600,55400,0
000359,2025-09-01,27000,2700,24300,0
000361,2025-09-01,80000,12800,67200,0
000362,2025-09-01,54000,7600,46400,0
000363,2025-09-01,49000,4900,44100,0
000364,2025-09-01,59000,7700,51300,0
000365,2025-09-01,45000,7200,37800,1
000366,2025-09-01,198000,21800,176200,0
000368,2025-09-01,114000,9100,104900,0
000369,2025-09-01,48000,5300,42700,0
000370,2025-09-01,46000,7400,38600,0
000371,2025-09-01,87000,13900,73100,0
000372,2025-09-01,137000,13700,123300,0
000373,2025-09-01,50000,4000,46000,0
000374,2025-09-01,77000,10800,66200,0
000375,2025-09-01,619000,86700,532300,0
000376,2025-09-01,45000,4500,40500,1
000377,2025-09-01,53000,5800,47200,0
000378,2025-09-01,50000,7000,43000,0
000379,2025-09-01,127000,14000,113000,0
000380,2025-09-01,148000,13300,134700,0
000381,2025-09-01,33000,5300,27700,0
000382,2025-09-01,105000,14700,90300,1
000383,2025-09-01,169000,18600,150400,0
000384,2025-09-01,145000,13000,132000,0
000385,2025-09-01,57000,5700,51300,0
000386,2025-09-01,126000,13900,112100,0
000387,2025-09-01,50000,5000,45000,1
000388,2025-09-01,42000,6700,35300,0
000389,2025-09-01,25000,2500,22500,0
000390,2025-09-01,407000,36600,370400,0
000392,2025-09-01,245000,19600,225400,0
000393,2025-09-01,34000,5100,28900,0
000394,2025-09-01,139000,19500,119500,0
000395,2025-09-01,135000,13500,121500,0
000397,2025-09-01,49000,7800,41200,0
000398,2025-09-01,145000,17400,127600,0
000399,2025-09-01,38000,3800,34200,0
000400,2025-09-01,50000,7000,43000,0
000401,2025-09-01,88000,7900,80100,0
000402,2025-09-01,33000,5300,27700,0
000403,2025-09-01,26000,3100,22900,0
000404,2025-09-01,58000,4600,53400,0
000405,2025-09-01,91000,9100,81900,3
000406,2025-09-01,242000,33900,208100,0
000407,2025-09-01,26000,3400,22600,0
000408,2025-09-01,45000,5800,39200,0
000409,2025-09-01,216000,34600,181400,0
000410,2025-09-01,77000,7700,69300,0
000411,2025-09-01,77000,9200,67800,0
000412,2025-09-01,25000,2000,23000,0
000414,2025-09-01,40000,4000,36000,0
000415,2025-09-01,84000,12600,71400,0
000416,2025-09-01,55000,7700,47300,0
000417,2025-09-01,42000,5000,37000,0
000418,2025-09-01,62000,8700,53300,0
000419,2025-09-01,29000,4600,24400,0
000420,2025-09-01,109000,16400,92600,0
000421,2025-09-01,67000,8000,59000,0
000423,2025-09-01,65000,10400,54600,0
000424,2025-09-01,236000,37800,198200,0
000425,2025-09-01,47000,7000,40000,0
000426,2025-09-01,51000,8200,42800,0
000427,2025-09-01,51000,7100,43900,1
000428,2025-09-01,76000,12200,63800,0
000430,2025-09-01,74000,11800,62200,0
000431,2025-09-01,55000,4400,50600,0
000432,2025-09-01,115000,18400,96600,0
000433,2025-09-01,104000,13500,90500,0
000434,2025-09-01,150000,12000,138000,2
000436,2025-09-01,94000,14100,79900,0
000437,2025-09-01,38000,6100,31900,0
000438,2025-09-01,80000,12800,67200,0
000439,2025-09-01,81000,9700,71300,0
000440,2025-09-01,110000,12100,97900,0
000441,2025-09-01,62000,9900,52100,0
000442,2025-09-01,83000,6600,76400,0
000444,2025-09-01,52000,8300,43700,0
000445,2025-09-01,58000,8700,49300,0
000446,2025-09-01,69000,6200,62800,0
000448,2025-09-01,53000,5800,47200,0
000450,2025-09-01,70000,10500,59500,0
000452,2025-09-01,71000,5700,65300,0
000453,2025-09-01,131000,17000,114000,0
000454,2025-09-01,43000,6000,37000,0
000455,2025-09-01,128000,16600,111400,0
000457,2025-09-01,50000,6500,43500,0
000459,2025-09-01,382000,45800,336200,0
000462,2025-09-01,97000,14600,82400,0
000463,2025-09-01,29000,3500,25500,2
000464,2025-09-01,80000,12800,67200,0
000465,2025-09-01,56000,4500,51500,0
000467,2025-09-01,55000,5500,49500,0
000468,2025-09-01,209000,16700,192300,0
000469,2025-09-01,66000,7300,58700,0
000470,2025-09-01,66000,5900,60100,0
000471,2025-09-01,50000,6000,44000,0
000473,2025-09-01,74000,7400,66600,0
000474,2025-09-01,40000,5600,34400,0
000475,2025-09-01,48000,6700,41300,0
000476,2025-09-01,163000,21200,141800,0
000478,2025-09-01,50000,7000,43000,0
000479,2025-09-01,99000,8900,90100,0
000482,2025-09-01,86000,12000,74000,0
000483,2025-09-01,198000,27700,170300,0
000484,2025-09-01,108000,10800,97200,0
000485,2025-09-01,64000,7000,57000,0
000486,2025-09-01,223000,26800,196200,0
000487,2025-09-01,48000,7200,40800,0
000488,2025-09-01,75000,9000,66000,0
000490,2025-09-01,172000,22400,149600,0
000491,2025-09-01,117000,16400,100600,0
000492,2025-09-01,46000,5100,40900,0
000493,2025-09-01,176000,26400,149600,0
000494,2025-09-01,71000,8500,62500,0
000495,2025-09-01,89000,8000,81000,0
000496,2025-09-01,282000,22600,259400,0
000497,2025-09-01,29000,2900,26100,0
000498,2025-09-01,47000,4200,42800,0
000499,2025-09-01,32000,3500,28500,1
000500,2025-09-01,36000,5400,30600,1
000501,2025-09-01,60000,7200,52800,0
000502,2025-09-01,150000,16500,133500,0
000503,2025-09-01,39000,5100,33900,0
000504,2025-09-01,44000,5300,38700,0
000506,2025-09-01,60000,6000,54000,0
000507,2025-09-01,103000,14400,88600,0
000508,2025-09-01,40000,6000,34000,0
000509,2025-09-01,166000,14900,151100,0
000510,2025-09-01,98000,15700,82300,0
000511,2025-09-01,72000,8600,63400,0
000512,2025-09-01,95000,14200,80800,0
000513,2025-09-01,70000,9100,60900,0
000514,2025-09-01,32000,3200,28800,0
000516,2025-09-01,117000,14000,103000,0
000517,2025-09-01,56000,8400,47600,0
000518,2025-09-01,142000,21300,120700,0
000519,2025-09-01,52000,5700,46300,0
000521,2025-09-01,72000,11500,60500,0
000523,2025-09-01,37000,3300,33700,0
000524,2025-09-01,45000,4000,41000,0
000525,2025-09-01,50000,8000,42000,0
000526,2025-09-01,61000,8500,52500,1
000527,2025-09-01,79000,12600,66400,1
000528,2025-09-01,113000,18100,94900,0
000529,2025-09-01,50000,7500,42500,0
000530,2025-09-01,94000,11300,82700,0
000531,2025-09-01,49000,6400,42600,0
000532,2025-09-01,130000,11700,118300,0
000533,2025-09-01,53000,6900,46100,0
000534,2025-09-01,55000,7200,47800,0
000535,2025-09-01,48000,7700,40300,0
000536,2025-09-01,53000,4800,48200,0
000537,2025-09-01,58000,6400,51600,0
000538,2025-09-01,64000,9600,54400,0
000539,2025-09-01,104000,14600,89400,0
000540,2025-09-01,110000,15400,94600,1
000541,2025-09-01,84000,10100,73900,0
000542,2025-09-01,52000,5200,46800,0
000543,2025-09-01,55000,7700,47300,0
000544,2025-09-01,33000,4300,28700,0
000545,2025-09-01,66000,5300,60700,0
000546,2025-09-01,36000,5800,30200,0
000547,2025-09-01,248000,27300,220700,0
000548,2025-09-01,40000,4400,35600,0
000549,2025-09-01,124000,16100,107900,0
000550,2025-09-01,415000,66400,348600,0
000551,2025-09-01,67000,8000,59000,0
000552,2025-09-01,150000,18000,132000,1
000553,2025-09-01,26000,4200,21800,0
000554,2025-09-01,55000,8200,46800,0
000555,2025-09-01,96000,15400,80600,0
000556,2025-09-01,75000,11200,63800,1
000557,2025-09-01,27000,3500,23500,0
000558,2025-09-01,53000,8500,44500,0
000559,2025-09-01,228000,18200,209800,0
000560,2025-09-01,140000,21000,119000,0
000561,2025-09-01,68000,6100,61900,0
000562,2025-09-01,227000,36300,190700,0
000563,2025-09-01,64000,9600,54400,0
000564,2025-09-01,39000,5100,33900,0
000565,2025-09-01,147000,17600,129400,0
000567,2025-09-01,129000,15500,113500,1
000568,2025-09-01,102000,15300,86700,0
000569,2025-09-01,728000,101900,626100,0
000570,2025-09-01,99000,9900,89100,2
000571,2025-09-01,38000,4200,33800,0
000572,2025-09-01,50000,7000,43000,0
000573,2025-09-01,124000,11200,112800,0
000574,2025-09-01,83000,12400,70600,0
000575,2025-09-01,83000,10800,72200,0
000576,2025-09-01,73000,5800,67200,0
000577,2025-09-01,136000,13600,122400,0
000578,2025-09-01,59000,4700,54300,0
000579,2025-09-01,122000,17100,104900,0
000580,2025-09-01,51000,5600,45400,1
000581,2025-09-01,203000,26400,176600,0
000582,2025-09-01,70000,5600,64400,0
000583,2025-09-01,82000,6600,75400,0
000586,2025-09-01,52000,5700,46300,0
000587,2025-09-01,45000,4000,41000,0
000588,2025-09-01,30000,2700,27300,0
000589,2025-09-01,74000,11800,62200,0
000590,2025-09-01,64000,9600,54400,0
000591,2025-09-01,48000,6200,41800,0
000592,2025-09-01,42000,5900,36100,0
000593,2025-09-01,32000,5100,26900,0
000594,2025-09-01,71000,6400,64600,0
000595,2025-09-01,78000,6200,71800,0
000596,2025-09-01,45000,4500,40500,0
000597,2025-09-01,44000,4800,39200,0
000598,2025-09-01,80000,12800,67200,0
000599,2025-09-01,40000,5600,34400,0
000600,2025-09-01,54000,5900,48100,0
000101,2025-10-01,42000,5900,36100,0
000102,2025-10-01,33000,3600,29400,0
000104,2025-10-01,170000,13600,156400,0
000105,2025-10-01,110000,15400,94600,0
000106,2025-10-01,81000,9700,71300,0
000107,2025-10-01,48000,6200,41800,0
000110,2025-10-01,304000,33400,270600,0
000111,2025-10-01,50000,6500,43500,0
000113,2025-10-01,31000,2800,28200,0
000114,2025-10-01,76000,6100,69900,0
000115,2025-10-01,177000,19500,157500,0
000116,2025-10-01,54000,4300,49700,0
000117,2025-10-01,47000,6600,40400,0
000118,2025-10-01,36000,5000,31000,3
000119,2025-10-01,57000,6800,50200,0
000120,2025-10-01,25000,3000,22000,0
000121,2025-10-01,360000,50400,309600,0
000122,2025-10-01,172000,25800,146200,0
000123,2025-10-01,141000,15500,125500,1
000124,2025-10-01,28000,3400,24600,0
000125,2025-10-01,115000,15000,100000,0
000127,2025-10-01,50000,8000,42000,2
000128,2025-10-01,65000,7200,57800,0
000129,2025-10-01,29000,4100,24900,0
000130,2025-10-01,209000,33400,175600,0
000131,2025-10-01,66000,7900,58100,0
000132,2025-10-01,132000,21100,110900,0
000133,2025-10-01,50000,6500,43500,0
000134,2025-10-01,71000,9900,61100,0
000135,2025-10-01,26000,3900,22100,0
000136,2025-10-01,54000,4300,49700,0
000137,2025-10-01,44000,7000,37000,0
000138,2025-10-01,230000,36800,193200,0
000139,2025-10-01,129000,16800,112200,0
000141,2025-10-01,185000,20400,164600,0
000142,2025-10-01,37000,5900,31100,0
000143,2025-10-01,123000,18400,104600,0
000144,2025-10-01,121000,13300,107700,0
000145,2025-10-01,26000,4200,21800,0
000146,2025-10-01,203000,18300,184700,1
000147,2025-10-01,110000,13200,96800,0
000148,2025-10-01,46000,3700,42300,0
000149,2025-10-01,119000,19000,100000,0
000150,2025-10-01,51000,8200,42800,0
000151,2025-10-01,36000,5400,30600,0
000152,2025-10-01,49000,7800,41200,0
000153,2025-10-01,145000,20300,124700,0
000155,2025-10-01,250000,20000,230000,0
000156,2025-10-01,113000,9000,104000,0
000157,2025-10-01,56000,5000,51000,0
000158,2025-10-01,74000,11800,62200,1
000160,2025-10-01,59000,4700,54300,0
000161,2025-10-01,39000,3900,35100,0
000162,2025-10-01,245000,19600,225400,0
000164,2025-10-01,80000,8000,72000,1
000165,2025-10-01,218000,19600,198400,0
000166,2025-10-01,91000,11800,79200,0
000167,2025-10-01,76000,9100,66900,0
000168,2025-10-01,128000,10200,117800,0
000170,2025-10-01,86000,10300,75700,0
000171,2025-10-01,140000,16800,123200,0
000172,2025-10-01,93000,14900,78100,0
000173,2025-10-01,45000,6800,38200,0
000174,2025-10-01,237000,23700,213300,0
000175,2025-10-01,246000,36900,209100,0
000176,2025-10-01,137000,21900,115100,0
000178,2025-10-01,89000,10700,78300,0
000179,2025-10-01,122000,13400,108600,0
000180,2025-10-01,41000,6200,34800,0
000181,2025-10-01,75000,7500,67500,0
000182,2025-10-01,178000,19600,158400,0
000183,2025-10-01,59000,9400,49600,0
000184,2025-10-01,362000,39800,322200,0
000185,2025-10-01,82000,7400,74600,0
000186,2025-10-01,337000,50600,286400,0
000187,2025-10-01,125000,18800,106200,0
000188,2025-10-01,131000,13100,117900,0
000189,2025-10-01,111000,14400,96600,0
000190,2025-10-01,60000,8400,51600,0
000191,2025-10-01,73000,9500,63500,0
000192,2025-10-01,56000,4500,51500,0
000193,2025-10-01,75000,9800,65200,0
000194,2025-10-01,487000,53600,433400,0
000195,2025-10-01,98000,7800,90200,0
000199,2025-10-01,33000,5000,28000,0
000200,2025-10-01,73000,5800,67200,0
000201,2025-10-01,227000,20400,206600,0
000202,2025-10-01,60000,8400,51600,0
000203,2025-10-01,139000,20800,118200,0
000204,2025-10-01,78000,11700,66300,0
000205,2025-10-01,127000,15200,111800,0
000206,2025-10-01,73000,8800,64200,0
000207,2025-10-01,140000,21000,119000,0
000208,2025-10-01,32000,2900,29100,0
000209,2025-10-01,242000,29000,213000,0
000210,2025-10-01,42000,4200,37800,0
000211,2025-10-01,47000,5600,41400,0
000212,2025-10-01,32000,3200,28800,0
000213,2025-10-01,311000,43500,267500,0
000214,2025-10-01,43000,4700,38300,0
000215,2025-10-01,73000,6600,66400,1
000216,2025-10-01,70000,5600,64400,0
000218,2025-10-01,57000,8600,48400,0
000220,2025-10-01,188000,18800,169200,0
000222,2025-10-01,33000,3300,29700,0
000224,2025-10-01,136000,17700,118300,0
000225,2025-10-01,648000,97200,550800,0
000226,2025-10-01,68000,8200,59800,0
000227,2025-10-01,132000,13200,118800,0
000228,2025-10-01,69000,9000,60000,0
000231,2025-10-01,85000,11900,73100,0
000232,2025-10-01,45000,4000,41000,0
000233,2025-10-01,481000,43300,437700,0
000234,2025-10-01,97000,13600,83400,0
000235,2025-10-01,110000,17600,92400,3
000236,2025-10-01,67000,10700,56300,0
000237,2025-10-01,198000,31700,166300,0
000238,2025-10-01,45000,6800,38200,0
000239,2025-10-01,31000,2500,28500,0
000241,2025-10-01,59000,8800,50200,0
000242,2025-10-01,81000,8900,72100,0
000243,2025-10-01,26000,2300,23700,0
000244,2025-10-01,152000,12200,139800,2
000245,2025-10-01,351000,35100,315900,0
000246,2025-10-01,50000,4000,46000,0
000247,2025-10-01,184000,29400,154600,0
000248,2025-10-01,326000,35900,290100,1
000249,2025-10-01,179000,17900,161100,0
000250,2025-10-01,131000,14400,116600,0
000251,2025-10-01,129000,18100,110900,0
000252,2025-10-01,38000,3000,35000,0
000253,2025-10-01,185000,29600,155400,0
000254,2025-10-01,71000,,63900,0
000255,2025-10-01,67000,6700,60300,0
000256,2025-10-01,50000,7500,42500,0
000258,2025-10-01,192000,15400,176600,0
000259,2025-10-01,29000,3200,25800,0
000260,2025-10-01,28000,2200,25800,0
000261,2025-10-01,38000,4200,33800,0
000262,2025-10-01,91000,12700,78300,0
000263,2025-10-01,72000,5800,66200,0
000264,2025-10-01,199000,17900,181100,0
000265,2025-10-01,72000,5800,66200,0
000266,2025-10-01,26000,2300,23700,0
000267,2025-10-01,42000,4200,37800,0
000268,2025-10-01,127000,19000,108000,0
000270,2025-10-01,236000,37800,198200,0
000271,2025-10-01,145000,21800,123200,1
000272,2025-10-01,184000,25800,158200,0
000273,2025-10-01,50000,6500,43500,0
000275,2025-10-01,98000,8800,89200,0
000276,2025-10-01,46000,7400,38600,1
000278,2025-10-01,69000,9700,59300,0
000279,2025-10-01,29000,4600,24400,0
000280,2025-10-01,82000,11500,70500,0
000283,2025-10-01,83000,9100,73900,0
000284,2025-10-01,48000,4300,43700,1
000285,2025-10-01,33000,3000,30000,0
000288,2025-10-01,157000,20400,136600,0
000289,2025-10-01,43000,4300,38700,0
000290,2025-10-01,399000,47900,351100,0
000291,2025-10-01,52000,6200,45800,0
000292,2025-10-01,42000,3800,38200,0
000293,2025-10-01,225000,24800,200200,0
000294,2025-10-01,618000,92700,525300,0
000295,2025-10-01,55000,6600,48400,0
000296,2025-10-01,41000,4900,36100,0
000297,2025-10-01,33000,3300,29700,0
000298,2025-10-01,430000,68800,361200,0
000300,2025-10-01,75000,6000,69000,0
000301,2025-10-01,74000,11800,62200,0
000302,2025-10-01,27000,2700,24300,1
000303,2025-10-01,139000,22200,116800,1
000304,2025-10-01,51000,6100,44900,0
000305,2025-10-01,60000,8400,51600,2
000306,2025-10-01,42000,6700,35300,0
000308,2025-10-01,222000,28900,193100,0
000309,2025-10-01,113000,14700,98300,1
000310,2025-10-01,174000,20900,153100,0
000311,2025-10-01,682000,88700,593300,0
000312,2025-10-01,127000,15200,111800,3
000313,2025-10-01,89000,14200,74800,0
000314,2025-10-01,35000,4600,30400,1
000315,2025-10-01,134000,18800,115200,0
000316,2025-10-01,28000,3600,24400,1
000317,2025-10-01,63000,8800,54200,0
000319,2025-10-01,380000,57000,323000,0
000320,2025-10-01,107000,12800,94200,0
000321,2025-10-01,154000,13900,140100,0
000322,2025-10-01,68000,6800,61200,0
000323,2025-10-01,43000,4300,38700,0
000325,2025-10-01,49000,6900,42100,0
000326,2025-10-01,85000,6800,78200,0
000327,2025-10-01,150000,24000,126000,0
000328,2025-10-01,717000,100400,616600,0
000329,2025-10-01,136000,16300,119700,0
000330,2025-10-01,41000,4900,36100,0
000331,2025-10-01,40000,6000,34000,0
000332,2025-10-01,32000,3800,28200,0
000333,2025-10-01,58000,5200,52800,0
000334,2025-10-01,76000,6100,69900,0
000335,2025-10-01,46000,5100,40900,0
000336,2025-10-01,382000,38200,343800,2
000337,2025-10-01,80000,11200,68800,0
000338,2025-10-01,94000,15000,79000,0
000339,2025-10-01,31000,2800,28200,0
000340,2025-10-01,71000,10600,60400,0
000341,2025-10-01,63000,9400,53600,0
000342,2025-10-01,50000,7000,43000,2
000343,2025-10-01,379000,49300,329700,0
000344,2025-10-01,188000,18800,169200,1
000345,2025-10-01,97000,8700,88300,0
000346,2025-10-01,90000,13500,76500,1
000347,2025-10-01,132000,21100,110900,0
000348,2025-10-01,139000,16700,122300,0
000349,2025-10-01,118000,17700,100300,0
000350,2025-10-01,121000,9700,111300,0
000351,2025-10-01,64000,5100,58900,0
000352,2025-10-01,65000,10400,54600,0
000353,2025-10-01,233000,28000,205000,0
000355,2025-10-01,132000,17200,114800,2
000356,2025-10-01,68000,8200,59800,0
000357,2025-10-01,45000,6300,38700,0
000358,2025-10-01,63000,6300,56700,0
000359,2025-10-01,27000,3800,23200,0
000360,2025-10-01,122000,15900,106100,0
000361,2025-10-01,80000,8000,72000,0
000362,2025-10-01,54000,6500,47500,0
000363,2025-10-01,49000,4400,44600,0
000364,2025-10-01,59000,8800,50200,0
000365,2025-10-01,45000,4000,41000,0
000366,2025-10-01,198000,15800,182200,0
000368,2025-10-01,114000,13700,100300,0
000369,2025-10-01,48000,5800,42200,0
000370,2025-10-01,46000,4600,41400,0
000371,2025-10-01,87000,10400,76600,0
000372,2025-10-01,137000,11000,126000,0
000373,2025-10-01,50000,4000,46000,3
000374,2025-10-01,77000,6900,70100,0
000375,2025-10-01,619000,61900,557100,3
000376,2025-10-01,45000,5000,40000,0
000377,2025-10-01,53000,5300,47700,0
000378,2025-10-01,50000,7000,43000,0
000379,2025-10-01,127000,20300,106700,0
000380,2025-10-01,148000,16300,131700,0
000381,2025-10-01,33000,5300,27700,0
000382,2025-10-01,105000,11600,93400,0
000383,2025-10-01,169000,18600,150400,0
000384,2025-10-01,145000,11600,133400,0
000385,2025-10-01,57000,4600,52400,0
000386,2025-10-01,126000,18900,107100,1
000387,2025-10-01,50000,7500,42500,0
000388,2025-10-01,42000,6300,35700,0
000389,2025-10-01,25000,2000,23000,0
000390,2025-10-01,407000,57000,350000,0
000392,2025-10-01,245000,31800,213200,0
000393,2025-10-01,34000,2700,31300,0
000394,2025-10-01,139000,16700,122300,0
000395,2025-10-01,135000,21600,113400,0
000397,2025-10-01,49000,3900,45100,0
000398,2025-10-01,145000,21800,123200,0
000399,2025-10-01,38000,3800,34200,0
000400,2025-10-01,50000,5000,45000,0
000401,2025-10-01,88000,13200,74800,0
000402,2025-10-01,33000,3300,29700,0
000403,2025-10-01,26000,2100,23900,0
000404,2025-10-01,58000,8100,49900,0
000405,2025-10-01,91000,14600,76400,0
000406,2025-10-01,242000,24200,217800,0
000407,2025-10-01,26000,3600,22400,0
000408,2025-10-01,45000,4000,41000,0
000409,2025-10-01,216000,23800,192200,0
000410,2025-10-01,77000,12300,64700,0
000411,2025-10-01,77000,6200,70800,0
000412,2025-10-01,25000,2000,23000,0
000414,2025-10-01,40000,5200,34800,0
000415,2025-10-01,84000,13400,70600,0
000416,2025-10-01,55000,6600,48400,0
000417,2025-10-01,42000,4200,37800,0
000418,2025-10-01,62000,6200,55800,0
000419,2025-10-01,29000,4100,24900,0
000420,2025-10-01,109000,15300,93700,0
000421,2025-10-01,67000,10700,56300,0
000423,2025-10-01,65000,9100,55900,0
000424,2025-10-01,236000,35400,200600,0
000425,2025-10-01,47000,6600,40400,0
000426,2025-10-01,51000,6600,44400,0
000427,2025-10-01,51000,5100,45900,0
000428,2025-10-01,76000,6800,69200,0
000430,2025-10-01,74000,7400,66600,0
000431,2025-10-01,55000,4400,50600,0
000432,2025-10-01,115000,18400,96600,0
000433,2025-10-01,104000,10400,93600,0
000434,2025-10-01,150000,13500,136500,0
000436,2025-10-01,94000,9400,84600,0
000437,2025-10-01,38000,6100,31900,0
000438,2025-10-01,80000,9600,70400,0
000439,2025-10-01,81000,7300,73700,1
000440,2025-10-01,110000,12100,97900,0
000441,2025-10-01,62000,5600,56400,0
000442,2025-10-01,83000,13300,69700,0
000444,2025-10-01,52000,7300,44700,2
000445,2025-10-01,58000,7500,50500,0
000446,2025-10-01,69000,6200,62800,0
000448,2025-10-01,53000,4800,48200,0
000450,2025-10-01,70000,10500,59500,0
000452,2025-10-01,71000,7100,63900,0
000453,2025-10-01,131000,18300,112700,0
000454,2025-10-01,43000,6400,36600,0
000455,2025-10-01,128000,11500,116500,0
000457,2025-10-01,50000,7500,42500,0
000459,2025-10-01,382000,34400,347600,1
000461,2025-10-01,53000,8000,45000,0
000462,2025-10-01,97000,11600,85400,0
000463,2025-10-01,29000,2300,26700,0
000464,2025-10-01,80000,12000,68000,0
000465,2025-10-01,56000,4500,51500,0
000467,2025-10-01,55000,7700,47300,0
000468,2025-10-01,209000,27200,181800,0
000469,2025-10-01,66000,9900,56100,0
000470,2025-10-01,66000,5900,60100,0
000471,2025-10-01,50000,5500,44500,0
000473,2025-10-01,74000,6700,67300,0
000474,2025-10-01,40000,6000,34000,0
000475,2025-10-01,48000,5300,42700,0
000476,2025-10-01,163000,17900,145100,0
000478,2025-10-01,50000,5500,44500,0
000479,2025-10-01,99000,14800,84200,0
000482,2025-10-01,86000,10300,75700,0
000483,2025-10-01,198000,29700,168300,0
000484,2025-10-01,108000,10800,97200,0
000485,2025-10-01,64000,9000,55000,0
000486,2025-10-01,223000,22300,200700,0
000487,2025-10-01,48000,7700,40300,0
000488,2025-10-01,75000,11200,63800,0
000490,2025-10-01,172000,13800,158200,0
000491,2025-10-01,117000,12900,104100,0
000492,2025-10-01,46000,5100,40900,0
000493,2025-10-01,176000,28200,147800,1
000494,2025-10-01,71000,9900,61100,2
000495,2025-10-01,89000,8900,80100,0
000496,2025-10-01,282000,45100,236900,0
000497,2025-10-01,29000,4100,24900,0
000498,2025-10-01,47000,5600,41400,0
000499,2025-10-01,32000,4500,27500,0
000500,2025-10-01,36000,2900,33100,0
000501,2025-10-01,60000,6600,53400,0
000502,2025-10-01,150000,12000,138000,0
000503,2025-10-01,39000,3900,35100,0
000504,2025-10-01,44000,4000,40000,0
000506,2025-10-01,60000,9000,51000,1
000507,2025-10-01,103000,8200,94800,0
000508,2025-10-01,40000,5200,34800,0
000509,2025-10-01,166000,24900,141100,0
000510,2025-10-01,98000,14700,83300,0
000511,2025-10-01,72000,7200,64800,0
000512,2025-10-01,95000,7600,87400,0
000513,2025-10-01,70000,8400,61600,0
000514,2025-10-01,32000,3500,28500,0
000516,2025-10-01,117000,11700,105300,0
000517,2025-10-01,56000,4500,51500,0
000518,2025-10-01,142000,14200,127800,0
000519,2025-10-01,52000,4700,47300,0
000521,2025-10-01,72000,10800,61200,0
000523,2025-10-01,37000,5600,31400,0
000524,2025-10-01,45000,5400,39600,0
000525,2025-10-01,50000,6500,43500,0
000526,2025-10-01,61000,9800,51200,0
000527,2025-10-01,79000,6300,72700,0
000528,2025-10-01,113000,15800,97200,0
000529,2025-10-01,50000,5000,45000,1
000530,2025-10-01,94000,13200,80800,0
000531,2025-10-01,49000,7800,41200,3
000532,2025-10-01,130000,15600,114400,0
000534,2025-10-01,55000,8200,46800,0
000535,2025-10-01,48000,7700,40300,0
000536,2025-10-01,53000,8000,45000,0
000537,2025-10-01,58000,6400,51600,0
000538,2025-10-01,64000,7000,57000,0
000539,2025-10-01,104000,13500,90500,0
000540,2025-10-01,110000,13200,96800,0
000541,2025-10-01,84000,11800,72200,0
000542,2025-10-01,52000,6200,45800,0
000543,2025-10-01,55000,5000,50000,0
000544,2025-10-01,33000,4000,29000,0
000545,2025-10-01,66000,7300,58700,0
000546,2025-10-01,36000,4000,32000,1
000547,2025-10-01,248000,34700,213300,1
000548,2025-10-01,40000,3200,36800,0
000549,2025-10-01,124000,19800,104200,0
000550,2025-10-01,415000,45600,369400,0
000551,2025-10-01,67000,10000,57000,0
000552,2025-10-01,150000,22500,127500,0
000553,2025-10-01,26000,2600,23400,0
000554,2025-10-01,55000,7700,47300,0
000555,2025-10-01,96000,11500,84500,0
000556,2025-10-01,75000,10500,64500,2
000557,2025-10-01,27000,3800,23200,0
000558,2025-10-01,53000,5300,47700,0
000559,2025-10-01,228000,27400,200600,0
000560,2025-10-01,140000,21000,119000,0
000561,2025-10-01,68000,8800,59200,0
000562,2025-10-01,227000,36300,190700,0
000563,2025-10-01,64000,5100,58900,0
000564,2025-10-01,39000,5100,33900,0
000565,2025-10-01,147000,11800,135200,0
000567,2025-10-01,129000,11600,117400,0
000568,2025-10-01,102000,10200,91800,0
000569,2025-10-01,728000,65500,662500,0
000570,2025-10-01,99000,11900,87100,1
000571,2025-10-01,38000,3000,35000,0
000572,2025-10-01,50000,4000,46000,0
000573,2025-10-01,124000,12400,111600,0
000574,2025-10-01,83000,9100,73900,0
000575,2025-10-01,83000,9100,73900,0
000576,2025-10-01,73000,9500,63500,0
000577,2025-10-01,136000,17700,118300,1
000578,2025-10-01,59000,6500,52500,0
000579,2025-10-01,122000,9800,112200,2
000580,2025-10-01,51000,8200,42800,0
000581,2025-10-01,203000,24400,178600,0
000582,2025-10-01,70000,7700,62300,0
000583,2025-10-01,82000,8200,73800,0
000586,2025-10-01,52000,5200,46800,0
000587,2025-10-01,45000,7200,37800,0
000588,2025-10-01,30000,4800,25200,0
000589,2025-10-01,74000,7400,66600,3
000590,2025-10-01,64000,7700,56300,0
000591,2025-10-01,48000,3800,44200,0
000592,2025-10-01,42000,5900,36100,0
000593,2025-10-01,32000,3200,28800,0
000594,2025-10-01,71000,7800,63200,1
000595,2025-10-01,78000,7000,71000,2
000596,2025-10-01,45000,5800,39200,0
000597,2025-10-01,44000,3500,40500,0
000598,2025-10-01,80000,9600,70400,0
000599,2025-10-01,40000,6000,34000,0
000600,2025-10-01,54000,4900,49100,0
000101,2025-11-01,42000,6300,35700,0
000102,2025-11-01,33000,5000,28000,0
000103,2025-11-01,49000,4900,44100,0
000104,2025-11-01,170000,20400,149600,1
000105,2025-11-01,110000,17600,92400,0
000106,2025-11-01,81000,11300,69700,0
000107,2025-11-01,48000,3800,44200,0
000110,2025-11-01,304000,45600,258400,0
000111,2025-11-01,50000,4000,46000,0
000113,2025-11-01,31000,5000,26000,0
000114,2025-11-01,76000,7600,68400,1
000115,2025-11-01,177000,15900,161100,0
000116,2025-11-01,54000,7000,47000,0
000117,2025-11-01,47000,5600,41400,0
000118,2025-11-01,36000,3200,32800,0
000119,2025-11-01,57000,6300,50700,0
000120,2025-11-01,25000,3800,21200,0
000121,2025-11-01,360000,36000,324000,0
000122,2025-11-01,172000,17200,154800,0
000123,2025-11-01,141000,14100,126900,0
000124,2025-11-01,28000,4500,23500,0
000125,2025-11-01,115000,15000,100000,0
000127,2025-11-01,50000,4500,45500,0
000128,2025-11-01,65000,5200,59800,0
000129,2025-11-01,29000,4400,24600,0
000130,2025-11-01,209000,29300,179700,0
000131,2025-11-01,66000,7300,58700,0
000132,2025-11-01,132000,21100,110900,0
000133,2025-11-01,50000,4000,46000,0
000134,2025-11-01,71000,11400,59600,0
000135,2025-11-01,26000,3100,22900,0
000136,2025-11-01,54000,8600,45400,0
000137,2025-11-01,44000,7000,37000,0
000138,2025-11-01,230000,36800,193200,0
000139,2025-11-01,129000,18100,110900,0
000141,2025-11-01,185000,25900,159100,0
000142,2025-11-01,37000,5900,31100,0
000143,2025-11-01,123000,12300,110700,0
000144,2025-11-01,121000,15700,105300,0
000145,2025-11-01,26000,3600,22400,0
000146,2025-11-01,203000,20300,182700,0
000147,2025-11-01,110000,9900,100100,0
000148,2025-11-01,46000,6400,39600,0
000149,2025-11-01,119000,14300,104700,0
000150,2025-11-01,51000,5600,45400,0
000151,2025-11-01,36000,3600,32400,0
000152,2025-11-01,49000,4900,44100,0
000153,2025-11-01,145000,17400,127600,0
000155,2025-11-01,250000,25000,225000,0
000156,2025-11-01,113000,15800,97200,0
000157,2025-11-01,56000,8400,47600,0
000158,2025-11-01,74000,5900,68100,0
000160,2025-11-01,59000,7700,51300,0
000161,2025-11-01,39000,5100,33900,0
000162,2025-11-01,245000,36800,208200,0
000163,2025-11-01,69000,5500,63500,0
000164,2025-11-01,80000,6400,73600,0
000165,2025-11-01,218000,24000,194000,0
000166,2025-11-01,91000,14600,76400,0
000167,2025-11-01,76000,9100,66900,0
000168,2025-11-01,128000,14100,113900,0
000170,2025-11-01,86000,6900,79100,0
000171,2025-11-01,140000,22400,117600,0
000172,2025-11-01,93000,7400,85600,0
000173,2025-11-01,45000,4000,41000,0
000174,2025-11-01,237000,19000,218000,1
000175,2025-11-01,246000,24600,221400,0
000176,2025-11-01,137000,21900,115100,0
000178,2025-11-01,89000,7100,81900,0
000179,2025-11-01,122000,12200,109800,0
000180,2025-11-01,41000,6200,34800,0
000181,2025-11-01,75000,8200,66800,0
000182,2025-11-01,178000,19600,158400,0
000183,2025-11-01,59000,7100,51900,0
000184,2025-11-01,362000,50700,311300,0
000185,2025-11-01,82000,7400,74600,0
000186,2025-11-01,337000,40400,296600,0
000187,2025-11-01,125000,18800,106200,0
000188,2025-11-01,131000,18300,112700,0
000189,2025-11-01,111000,15500,95500,0
000190,2025-11-01,60000,8400,51600,0
000191,2025-11-01,73000,8800,64200,0
000192,2025-11-01,56000,4500,51500,0
000193,2025-11-01,75000,6800,68200,0
000194,2025-11-01,487000,43800,443200,0
000195,2025-11-01,98000,8800,89200,0
000199,2025-11-01,33000,3600,29400,0
000200,2025-11-01,73000,5800,67200,0
000201,2025-11-01,227000,25000,202000,0
000202,2025-11-01,60000,7200,52800,0
000203,2025-11-01,139000,15300,123700,0
000204,2025-11-01,78000,10100,67900,0
000205,2025-11-01,127000,17800,109200,0
000206,2025-11-01,73000,5800,67200,0
000207,2025-11-01,140000,22400,117600,0
000208,2025-11-01,32000,3200,28800,0
000209,2025-11-01,242000,29000,213000,0
000210,2025-11-01,42000,6700,35300,0
000211,2025-11-01,47000,4200,42800,0
000212,2025-11-01,32000,2600,29400,0
000213,2025-11-01,311000,40400,270600,0
000214,2025-11-01,43000,5200,37800,0
000215,2025-11-01,73000,8800,64200,0
000216,2025-11-01,70000,5600,64400,0
000218,2025-11-01,57000,6300,50700,0
000220,2025-11-01,188000,26300,161700,0
000222,2025-11-01,33000,4600,28400,0
000224,2025-11-01,136000,20400,115600,0
000225,2025-11-01,648000,77800,570200,0
000226,2025-11-01,68000,9500,58500,0
000227,2025-11-01,132000,19800,112200,0
000228,2025-11-01,69000,9000,60000,0
000231,2025-11-01,85000,11900,73100,0
000232,2025-11-01,45000,6300,38700,0
000233,2025-11-01,481000,43300,437700,0
000234,2025-11-01,97000,8700,88300,0
000235,2025-11-01,110000,8800,101200,0
000236,2025-11-01,67000,10000,57000,1
000237,2025-11-01,198000,17800,180200,1
000238,2025-11-01,45000,5800,39200,0
000239,2025-11-01,31000,5000,26000,0
000241,2025-11-01,59000,6500,52500,0
000242,2025-11-01,81000,11300,69700,0
000243,2025-11-01,26000,2900,23100,0
000244,2025-11-01,152000,21300,130700,0
000245,2025-11-01,351000,28100,322900,0
000246,2025-11-01,50000,5500,44500,0
000247,2025-11-01,184000,16600,167400,0
000248,2025-11-01,326000,32600,293400,0
000249,2025-11-01,179000,26800,152200,0
000250,2025-11-01,131000,11800,119200,1
000251,2025-11-01,129000,19400,109600,0
000252,2025-11-01,38000,4900,33100,0
000253,2025-11-01,185000,14800,170200,0
000254,2025-11-01,71000,9900,61100,0
000255,2025-11-01,67000,6700,60300,0
000256,2025-11-01,50000,8000,42000,0
000258,2025-11-01,192000,15400,176600,0
000259,2025-11-01,29000,3800,25200,0
000260,2025-11-01,28000,3400,24600,0
000261,2025-11-01,38000,3400,34600,0
000262,2025-11-01,91000,14600,76400,0
000263,2025-11-01,72000,6500,65500,0
000264,2025-11-01,199000,29800,169200,0
000265,2025-11-01,72000,7200,64800,0
000266,2025-11-01,26000,3600,22400,0
000267,2025-11-01,42000,3400,38600,0
000268,2025-11-01,127000,12700,114300,0
000270,2025-11-01,236000,21200,214800,0
000271,2025-11-01,145000,23200,121800,0
000272,2025-11-01,184000,29400,154600,1
000273,2025-11-01,50000,5500,44500,0
000274,2025-11-01,442000,39800,402200,0
000275,2025-11-01,98000,7800,90200,0
000276,2025-11-01,46000,5500,40500,0
000278,2025-11-01,69000,8300,60700,0
000279,2025-11-01,29000,4600,24400,0
000280,2025-11-01,82000,7400,74600,0
000283,2025-11-01,83000,10800,72200,0
000284,2025-11-01,48000,3800,44200,0
000285,2025-11-01,33000,4600,28400,0
000288,2025-11-01,157000,15700,141300,0
000289,2025-11-01,43000,6900,36100,0
000290,2025-11-01,399000,47900,351100,0
000291,2025-11-01,52000,6200,45800,3
000292,2025-11-01,42000,5000,37000,0
000293,2025-11-01,225000,18000,207000,0
000294,2025-11-01,618000,55600,562400,0
000295,2025-11-01,55000,7700,47300,0
000296,2025-11-01,41000,3300,37700,0
000297,2025-11-01,33000,4000,29000,0
000298,2025-11-01,430000,55900,374100,0
000300,2025-11-01,75000,6000,69000,0
000301,2025-11-01,74000,8900,65100,0
000302,2025-11-01,27000,2700,24300,0
000303,2025-11-01,139000,12500,126500,1
000304,2025-11-01,51000,7600,43400,0
000305,2025-11-01,60000,4800,55200,0
000306,2025-11-01,42000,5900,36100,1
000308,2025-11-01,222000,17800,204200,0
000309,2025-11-01,113000,18100,94900,0
000310,2025-11-01,174000,15700,158300,0
000311,2025-11-01,682000,109100,572900,0
000312,2025-11-01,127000,20300,106700,0
000313,2025-11-01,89000,10700,78300,0
000314,2025-11-01,35000,4600,30400,0
000315,2025-11-01,134000,10700,123300,0
000316,2025-11-01,28000,3600,24400,0
000317,2025-11-01,63000,9400,53600,1
000319,2025-11-01,380000,53200,326800,0
000320,2025-11-01,107000,9600,97400,0
000321,2025-11-01,154000,21600,132400,0
000322,2025-11-01,68000,10200,57800,0
000323,2025-11-01,43000,6900,36100,0
000325,2025-11-01,49000,3900,45100,0
000326,2025-11-01,85000,6800,78200,0
000327,2025-11-01,150000,21000,129000,0
000328,2025-11-01,717000,86000,631000,0
000329,2025-11-01,136000,19000,117000,0
000330,2025-11-01,41000,4900,36100,0
000331,2025-11-01,40000,6000,34000,0
000332,2025-11-01,32000,2600,29400,0
000333,2025-11-01,58000,5800,52200,0
000334,2025-11-01,76000,9900,66100,0
000335,2025-11-01,46000,4100,41900,0
000336,2025-11-01,382000,42000,340000,1
000337,2025-11-01,80000,8000,72000,0
000338,2025-11-01,94000,14100,79900,0
000339,2025-11-01,31000,2500,28500,0
000340,2025-11-01,71000,10600,60400,0
000341,2025-11-01,63000,7600,55400,0
000342,2025-11-01,50000,6000,44000,0
000343,2025-11-01,379000,53100,325900,0
000344,2025-11-01,188000,30100,157900,0
000345,2025-11-01,97000,11600,85400,0
000346,2025-11-01,90000,12600,77400,0
000347,2025-11-01,132000,21100,110900,0
000348,2025-11-01,139000,20800,118200,0
000349,2025-11-01,118000,15300,102700,3
000350,2025-11-01,121000,16900,104100,0
000351,2025-11-01,64000,6400,57600,0
000352,2025-11-01,65000,9100,55900,0
000353,2025-11-01,233000,37300,195700,0
000355,2025-11-01,132000,13200,118800,0
000356,2025-11-01,68000,10200,57800,0
000357,2025-11-01,45000,4500,40500,2
000358,2025-11-01,63000,7600,55400,0
000359,2025-11-01,27000,2700,24300,0
000360,2025-11-01,122000,12200,109800,0
000361,2025-11-01,80000,7200,72800,0
000362,2025-11-01,54000,7600,46400,2
000363,2025-11-01,49000,6900,42100,0
000364,2025-11-01,59000,5900,53100,0
000365,2025-11-01,45000,7200,37800,0
000366,2025-11-01,198000,31700,166300,0
000368,2025-11-01,114000,16000,98000,0
000369,2025-11-01,48000,7200,40800,0
000370,2025-11-01,46000,6400,39600,0
000371,2025-11-01,87000,10400,76600,0
000372,2025-11-01,137000,16400,120600,0
000373,2025-11-01,50000,4500,45500,0
000374,2025-11-01,77000,8500,68500,0
000375,2025-11-01,619000,61900,557100,2
000376,2025-11-01,45000,3600,41400,3
000377,2025-11-01,53000,6400,46600,0
000378,2025-11-01,50000,7500,42500,0
000379,2025-11-01,127000,11400,115600,1
000380,2025-11-01,148000,16300,131700,1
000381,2025-11-01,33000,3000,30000,0
000382,2025-11-01,105000,11600,93400,0
000383,2025-11-01,169000,22000,147000,0
000384,2025-11-01,145000,23200,121800,0
000385,2025-11-01,57000,9100,47900,0
000386,2025-11-01,126000,17600,108400,0
000387,2025-11-01,50000,5000,45000,0
000388,2025-11-01,42000,4200,37800,0
000389,2025-11-01,25000,3200,21800,0
000390,2025-11-01,407000,61000,346000,0
000391,2025-11-01,117000,10500,106500,3
000392,2025-11-01,245000,34300,210700,0
000393,2025-11-01,34000,5400,28600,0
000394,2025-11-01,139000,11100,127900,1
000395,2025-11-01,135000,18900,116100,0
000397,2025-11-01,49000,4400,44600,0
000398,2025-11-01,145000,11600,133400,0
000399,2025-11-01,38000,3400,34600,0
000400,2025-11-01,50000,6500,43500,1
000401,2025-11-01,88000,10600,77400,2
000402,2025-11-01,33000,3600,29400,0
000403,2025-11-01,26000,3100,22900,0
000404,2025-11-01,58000,6400,51600,0
000405,2025-11-01,91000,13600,77400,2
000406,2025-11-01,242000,33900,208100,0
000407,2025-11-01,26000,3900,22100,0
000408,2025-11-01,45000,4000,41000,0
000409,2025-11-01,216000,17300,198700,0
000410,2025-11-01,77000,7700,69300,0
000411,2025-11-01,77000,10000,67000,2
000412,2025-11-01,25000,2200,22800,0
000414,2025-11-01,40000,4400,35600,0
000415,2025-11-01,84000,10100,73900,0
000416,2025-11-01,55000,6600,48400,0
000417,2025-11-01,42000,6700,35300,0
000418,2025-11-01,62000,9300,52700,0
000419,2025-11-01,29000,4600,24400,0
000420,2025-11-01,109000,12000,97000,0
000421,2025-11-01,67000,5400,61600,0
000423,2025-11-01,65000,8400,56600,0
000424,2025-11-01,236000,21200,214800,0
000425,2025-11-01,47000,7500,39500,0
000426,2025-11-01,51000,4600,46400,0
000427,2025-11-01,51000,5100,45900,0
000428,2025-11-01,76000,6800,69200,0
000430,2025-11-01,74000,8900,65100,0
000431,2025-11-01,55000,8800,46200,0
000432,2025-11-01,115000,15000,100000,0
000433,2025-11-01,104000,9400,94600,0
000434,2025-11-01,150000,18000,132000,0
000436,2025-11-01,94000,13200,80800,0
000437,2025-11-01,38000,3400,34600,0
000438,2025-11-01,80000,12000,68000,1
000439,2025-11-01,81000,9700,71300,0
000440,2025-11-01,110000,8800,101200,0
000441,2025-11-01,62000,7400,54600,0
000442,2025-11-01,83000,6600,76400,0
000444,2025-11-01,52000,8300,43700,3
000445,2025-11-01,58000,9300,48700,0
000446,2025-11-01,69000,9700,59300,0
000448,2025-11-01,53000,4200,48800,0
000450,2025-11-01,70000,11200,58800,0
000452,2025-11-01,71000,8500,62500,0
000453,2025-11-01,131000,10500,120500,0
000454,2025-11-01,43000,3400,39600,0
000455,2025-11-01,128000,16600,111400,0
000457,2025-11-01,50000,6000,44000,0
000459,2025-11-01,382000,42000,340000,0
000461,2025-11-01,53000,6900,46100,0
000462,2025-11-01,97000,7800,89200,0
000463,2025-11-01,29000,4400,24600,1
000464,2025-11-01,80000,12800,67200,0
000465,2025-11-01,56000,7800,48200,1
000467,2025-11-01,55000,8800,46200,0
000468,2025-11-01,209000,20900,188100,0
000469,2025-11-01,66000,5900,60100,0
000470,2025-11-01,66000,10600,55400,0
000471,2025-11-01,50000,6000,44000,0
000473,2025-11-01,74000,8100,65900,0
000474,2025-11-01,40000,5600,34400,0
000475,2025-11-01,48000,7700,40300,0
000476,2025-11-01,163000,13000,150000,0
000478,2025-11-01,50000,5500,44500,0
000479,2025-11-01,99000,13900,85100,0
000482,2025-11-01,86000,8600,77400,0
000483,2025-11-01,198000,29700,168300,0
000484,2025-11-01,108000,13000,95000,0
000485,2025-11-01,64000,9600,54400,0
000486,2025-11-01,223000,17800,205200,0
000487,2025-11-01,48000,4800,43200,0
000488,2025-11-01,75000,6800,68200,1
000490,2025-11-01,172000,24100,147900,0
000491,2025-11-01,117000,15200,101800,0
000492,2025-11-01,46000,6400,39600,0
000493,2025-11-01,176000,24600,151400,0
000494,2025-11-01,71000,9900,61100,3
000495,2025-11-01,89000,12500,76500,0
000496,2025-11-01,282000,22600,259400,1
000497,2025-11-01,29000,4600,24400,0
000498,2025-11-01,47000,7000,40000,0
000499,2025-11-01,32000,2600,29400,0
000500,2025-11-01,36000,5000,31000,0
000501,2025-11-01,60000,4800,55200,0
000502,2025-11-01,150000,21000,129000,0
000503,2025-11-01,39000,5100,33900,0
000504,2025-11-01,44000,4000,40000,0
000506,2025-11-01,60000,4800,55200,0
000507,2025-11-01,103000,8200,94800,0
000508,2025-11-01,40000,3600,36400,0
000509,2025-11-01,166000,18300,147700,2
000510,2025-11-01,98000,9800,88200,0
000511,2025-11-01,72000,7200,64800,0
000512,2025-11-01,95000,14200,80800,0
000513,2025-11-01,70000,9100,60900,0
000514,2025-11-01,32000,3200,28800,0
000516,2025-11-01,117000,18700,98300,2
000517,2025-11-01,56000,8400,47600,0
000518,2025-11-01,142000,21300,120700,0
000519,2025-11-01,52000,6200,45800,1
000521,2025-11-01,72000,7200,64800,0
000523,2025-11-01,37000,5900,31100,0
000524,2025-11-01,45000,5400,39600,2
000525,2025-11-01,50000,4500,45500,1
000526,2025-11-01,61000,9800,51200,0
000527,2025-11-01,79000,11100,67900,0
000528,2025-11-01,113000,12400,100600,0
000529,2025-11-01,50000,6000,44000,0
000530,2025-11-01,94000,13200,80800,0
000531,2025-11-01,49000,6400,42600,0
000532,2025-11-01,130000,19500,110500,0
000534,2025-11-01,55000,7700,47300,0
000535,2025-11-01,48000,6700,41300,0
000536,2025-11-01,53000,5300,47700,0
000537,2025-11-01,58000,8700,49300,0
000538,2025-11-01,64000,6400,57600,0
000539,2025-11-01,104000,14600,89400,0
000540,2025-11-01,110000,9900,100100,0
000541,2025-11-01,84000,7600,76400,0
000542,2025-11-01,52000,4200,47800,0
000543,2025-11-01,55000,5000,50000,0
000544,2025-11-01,33000,4300,28700,0
000545,2025-11-01,66000,9900,56100,0
000546,2025-11-01,36000,3600,32400,0
000547,2025-11-01,248000,27300,220700,0
000548,2025-11-01,40000,4800,35200,0
000549,2025-11-01,124000,14900,109100,0
000550,2025-11-01,415000,37400,377600,0
000551,2025-11-01,67000,10000,57000,0
000552,2025-11-01,150000,22500,127500,0
000553,2025-11-01,26000,2300,23700,0
000554,2025-11-01,55000,8800,46200,0
000555,2025-11-01,96000,11500,84500,0
000556,2025-11-01,75000,8200,66800,0
000557,2025-11-01,27000,2400,24600,0
000558,2025-11-01,53000,6900,46100,0
000559,2025-11-01,228000,36500,191500,0
000560,2025-11-01,140000,11200,128800,0
000561,2025-11-01,68000,6800,61200,0
000562,2025-11-01,227000,34000,193000,2
000563,2025-11-01,64000,5800,58200,0
000564,2025-11-01,39000,3100,35900,0
000565,2025-11-01,147000,14700,132300,0
000567,2025-11-01,129000,18100,110900,0
000568,2025-11-01,102000,10200,91800,0
000569,2025-11-01,728000,109200,618800,0
000570,2025-11-01,99000,10900,88100,0
000571,2025-11-01,38000,4600,33400,0
000572,2025-11-01,50000,8000,42000,0
000573,2025-11-01,124000,12400,111600,1
000574,2025-11-01,83000,12400,70600,0
000575,2025-11-01,83000,8300,74700,0
000576,2025-11-01,73000,8000,65000,0
000577,2025-11-01,136000,15000,121000,0
000578,2025-11-01,59000,5900,53100,0
000579,2025-11-01,122000,12200,109800,0
000580,2025-11-01,51000,4100,46900,0
000581,2025-11-01,203000,22300,180700,0
000582,2025-11-01,70000,8400,61600,0
000583,2025-11-01,82000,9800,72200,0
000586,2025-11-01,52000,8300,43700,0
000587,2025-11-01,45000,6800,38200,0
000588,2025-11-01,30000,2700,27300,0
000589,2025-11-01,74000,9600,64400,0
000590,2025-11-01,64000,9600,54400,0
000591,2025-11-01,48000,4300,43700,0
000592,2025-11-01,42000,3800,38200,0
000593,2025-11-01,32000,4500,27500,0
000594,2025-11-01,71000,7800,63200,0
000595,2025-11-01,78000,10900,67100,0
000596,2025-11-01,45000,4500,40500,3
000597,2025-11-01,44000,6600,37400,1
000598,2025-11-01,80000,7200,72800,0
000599,2025-11-01,40000,3200,36800,0
000600,2025-11-01,54000,6500,47500,1
000101,2025-12-01,42000,6300,35700,0
000102,2025-12-01,33000,2600,30400,0
000103,2025-12-01,49000,6400,42600,0
000104,2025-12-01,170000,27200,142800,0
000105,2025-12-01,110000,13200,96800,0
000106,2025-12-01,81000,12200,68800,0
000107,2025-12-01,48000,3800,44200,0
000110,2025-12-01,304000,24300,279700,0
000111,2025-12-01,50000,7500,42500,0
000113,2025-12-01,31000,3100,27900,0
000114,2025-12-01,76000,9900,66100,0
000115,2025-12-01,177000,24800,152200,0
000116,2025-12-01,54000,4300,49700,0
000117,2025-12-01,47000,7500,39500,0
000118,2025-12-01,36000,5000,31000,0
000119,2025-12-01,57000,8000,49000,0
000120,2025-12-01,25000,3800,21200,0
000121,2025-12-01,360000,39600,320400,0
000122,2025-12-01,172000,25800,146200,0
000123,2025-12-01,141000,16900,124100,0
000124,2025-12-01,28000,2500,25500,0
000125,2025-12-01,115000,18400,96600,0
000127,2025-12-01,50000,6500,43500,0
000128,2025-12-01,65000,7800,57200,0
000129,2025-12-01,29000,3200,25800,0
000130,2025-12-01,209000,29300,179700,0
000131,2025-12-01,66000,7300,58700,0
000132,2025-12-01,132000,18500,113500,2
000133,2025-12-01,50000,8000,42000,0
000134,2025-12-01,71000,11400,59600,0
000135,2025-12-01,26000,2300,23700,0
000136,2025-12-01,54000,7000,47000,0
000137,2025-12-01,44000,4000,40000,0
000138,2025-12-01,230000,23000,207000,0
000139,2025-12-01,129000,20600,108400,0
000141,2025-12-01,185000,27800,157200,0
000142,2025-12-01,37000,3700,33300,0
000143,2025-12-01,123000,19700,103300,0
000144,2025-12-01,121000,19400,101600,0
000145,2025-12-01,26000,2600,23400,0
000146,2025-12-01,203000,32500,170500,0
000147,2025-12-01,110000,17600,92400,0
000148,2025-12-01,46000,6400,39600,2
000149,2025-12-01,119000,10700,108300,0
000150,2025-12-01,51000,6100,44900,2
000151,2025-12-01,36000,4300,31700,0
000152,2025-12-01,49000,7800,41200,0
000153,2025-12-01,145000,20300,124700,2
000155,2025-12-01,250000,40000,210000,0
000156,2025-12-01,113000,13600,99400,0
000157,2025-12-01,56000,6200,49800,0
000158,2025-12-01,74000,5900,68100,0
000160,2025-12-01,59000,8800,50200,0
000162,2025-12-01,245000,22000,223000,0
000163,2025-12-01,69000,6900,62100,0
000164,2025-12-01,80000,8000,72000,0
000165,2025-12-01,218000,28300,189700,0
000166,2025-12-01,91000,14600,76400,1
000167,2025-12-01,76000,11400,64600,0
000168,2025-12-01,128000,17900,110100,0
000170,2025-12-01,86000,11200,74800,0
000171,2025-12-01,140000,14000,126000,0
000172,2025-12-01,93000,7400,85600,0
000173,2025-12-01,45000,6800,38200,0
000174,2025-12-01,237000,33200,203800,0
000175,2025-12-01,246000,29500,216500,0
000176,2025-12-01,137000,19200,117800,0
000178,2025-12-01,89000,8000,81000,0
000179,2025-12-01,122000,14600,107400,0
000180,2025-12-01,41000,6200,34800,0
000181,2025-12-01,75000,8200,66800,1
000182,2025-12-01,178000,28500,149500,0
000183,2025-12-01,59000,6500,52500,3
000184,2025-12-01,362000,29000,333000,0
000185,2025-12-01,82000,9000,73000,0
000186,2025-12-01,337000,40400,296600,0
000187,2025-12-01,125000,13800,111200,0
000188,2025-12-01,131000,13100,117900,0
000189,2025-12-01,111000,8900,102100,0
000190,2025-12-01,60000,6600,53400,0
000191,2025-12-01,73000,8800,64200,0
000192,2025-12-01,56000,4500,51500,0
000193,2025-12-01,75000,6800,68200,0
000194,2025-12-01,487000,73000,414000,0
000195,2025-12-01,98000,14700,83300,0
000199,2025-12-01,33000,3300,29700,0
000200,2025-12-01,73000,9500,63500,0
000201,2025-12-01,227000,18200,208800,0
000202,2025-12-01,60000,9000,51000,0
000203,2025-12-01,139000,19500,119500,0
000204,2025-12-01,78000,12500,65500,0
000205,2025-12-01,127000,16500,110500,2
000206,2025-12-01,73000,8000,65000,0
000207,2025-12-01,140000,18200,121800,0
000208,2025-12-01,32000,5100,26900,0
000209,2025-12-01,242000,33900,208100,0
000210,2025-12-01,42000,5000,37000,0
000211,2025-12-01,47000,3800,43200,0
000212,2025-12-01,32000,4200,27800,0
000213,2025-12-01,311000,31100,279900,1
000214,2025-12-01,43000,3400,39600,0
000215,2025-12-01,73000,7300,65700,0
000216,2025-12-01,70000,10500,59500,0
000218,2025-12-01,57000,9100,47900,0
000220,2025-12-01,188000,24400,163600,0
000222,2025-12-01,33000,4000,29000,1
000224,2025-12-01,136000,16300,119700,0
000225,2025-12-01,648000,64800,583200,3
000226,2025-12-01,68000,6800,61200,0
000227,2025-12-01,132000,21100,110900,0
000228,2025-12-01,69000,8300,60700,0
000231,2025-12-01,85000,9400,75600,0
000232,2025-12-01,45000,6300,38700,0
000233,2025-12-01,481000,77000,404000,0
000234,2025-12-01,97000,11600,85400,0
000235,2025-12-01,110000,16500,93500,0
000236,2025-12-01,67000,6000,61000,0
000237,2025-12-01,198000,15800,182200,0
000238,2025-12-01,45000,5000,40000,0
000239,2025-12-01,31000,2800,28200,0
000241,2025-12-01,59000,9400,49600,0
000242,2025-12-01,81000,7300,73700,1
000243,2025-12-01,26000,3100,22900,0
000244,2025-12-01,152000,19800,132200,0
000245,2025-12-01,351000,49100,301900,0
000246,2025-12-01,50000,4000,46000,0
000247,2025-12-01,184000,20200,163800,1
000248,2025-12-01,326000,35900,290100,0
000249,2025-12-01,179000,28600,150400,0
000250,2025-12-01,131000,13100,117900,1
000251,2025-12-01,129000,10300,118700,0
000252,2025-12-01,38000,5300,32700,0
000253,2025-12-01,185000,29600,155400,0
000254,2025-12-01,71000,11400,59600,0
000255,2025-12-01,67000,10000,57000,0
000256,2025-12-01,50000,4500,45500,0
000258,2025-12-01,192000,28800,163200,0
000259,2025-12-01,29000,4600,24400,0
000260,2025-12-01,28000,4500,23500,0
000261,2025-12-01,38000,5700,32300,0
000262,2025-12-01,91000,8200,82800,0
000263,2025-12-01,72000,10800,61200,0
000264,2025-12-01,199000,23900,175100,0
000265,2025-12-01,72000,10100,61900,0
000266,2025-12-01,26000,2900,23100,0
000267,2025-12-01,42000,6300,35700,0
000268,2025-12-01,127000,12700,114300,0
000270,2025-12-01,236000,33000,203000,1
000271,2025-12-01,145000,20300,124700,0
000272,2025-12-01,184000,14700,169300,0
000273,2025-12-01,50000,4500,45500,0
000274,2025-12-01,442000,39800,402200,0
000275,2025-12-01,98000,15700,82300,0
000276,2025-12-01,46000,4100,41900,0
000278,2025-12-01,69000,5500,63500,0
000279,2025-12-01,29000,4100,24900,0
000280,2025-12-01,82000,6600,75400,0
000283,2025-12-01,83000,8300,74700,0
000284,2025-12-01,48000,7700,40300,0
000285,2025-12-01,33000,3600,29400,0
000288,2025-12-01,157000,25100,131900,0
000289,2025-12-01,43000,5200,37800,0
000290,2025-12-01,399000,31900,367100,0
000291,2025-12-01,52000,7300,44700,0
000292,2025-12-01,42000,5900,36100,0
000293,2025-12-01,225000,24800,200200,0
000294,2025-12-01,618000,80300,537700,3
000295,2025-12-01,55000,8200,46800,0
000296,2025-12-01,41000,4100,36900,0
000297,2025-12-01,33000,3600,29400,0
000298,2025-12-01,430000,34400,395600,0
000300,2025-12-01,75000,11200,63800,0
000301,2025-12-01,74000,7400,66600,0
000302,2025-12-01,27000,3000,24000,0
000303,2025-12-01,139000,16700,122300,0
000304,2025-12-01,51000,8200,42800,0
000305,2025-12-01,60000,5400,54600,0
000306,2025-12-01,42000,6300,35700,0
000308,2025-12-01,222000,20000,202000,1
000309,2025-12-01,113000,14700,98300,0
000310,2025-12-01,174000,27800,146200,0
000311,2025-12-01,682000,95500,586500,3
000312,2025-12-01,127000,11400,115600,0
000313,2025-12-01,89000,13400,75600,0
000314,2025-12-01,35000,5200,29800,0
000315,2025-12-01,134000,13400,120600,0
000316,2025-12-01,28000,3400,24600,0
000317,2025-12-01,63000,7600,55400,0
000319,2025-12-01,380000,45600,334400,0
000320,2025-12-01,107000,11800,95200,0
000321,2025-12-01,154000,21600,132400,0
000322,2025-12-01,68000,6100,61900,1
000323,2025-12-01,43000,5600,37400,0
000325,2025-12-01,49000,7800,41200,0
000326,2025-12-01,85000,11000,74000,0
000327,2025-12-01,150000,22500,127500,0
000328,2025-12-01,717000,71700,645300,0
000330,2025-12-01,41000,6600,34400,0
000331,2025-12-01,40000,4400,35600,0
000332,2025-12-01,32000,2900,29100,0
000333,2025-12-01,58000,7000,51000,0
000334,2025-12-01,76000,8400,67600,0
000335,2025-12-01,46000,6400,39600,0
000336,2025-12-01,382000,34400,347600,0
000337,2025-12-01,80000,9600,70400,0
000338,2025-12-01,94000,13200,80800,0
000339,2025-12-01,31000,3400,27600,0
000340,2025-12-01,71000,10600,60400,0
000341,2025-12-01,63000,5700,57300,0
000342,2025-12-01,50000,6500,43500,0
000343,2025-12-01,379000,56800,322200,0
000344,2025-12-01,188000,16900,171100,0
000345,2025-12-01,97000,12600,84400,0
000346,2025-12-01,90000,9000,81000,0
000347,2025-12-01,132000,18500,113500,0
000348,2025-12-01,139000,16700,122300,0
000350,2025-12-01,121000,14500,106500,0
000351,2025-12-01,64000,9000,55000,0
000352,2025-12-01,65000,7800,57200,0
000353,2025-12-01,233000,35000,198000,0
000355,2025-12-01,132000,13200,118800,0
000356,2025-12-01,68000,6800,61200,0
000357,2025-12-01,45000,5000,40000,0
000358,2025-12-01,63000,5000,58000,2
000359,2025-12-01,27000,3500,23500,0
000360,2025-12-01,122000,17100,104900,2
000361,2025-12-01,80000,12800,67200,0
000362,2025-12-01,54000,8100,45900,0
000363,2025-12-01,49000,6900,42100,0
000364,2025-12-01,59000,5300,53700,2
000365,2025-12-01,45000,6300,38700,0
000366,2025-12-01,198000,15800,182200,1
000368,2025-12-01,114000,11400,102600,0
000369,2025-12-01,48000,5300,42700,0
000370,2025-12-01,46000,3700,42300,0
000371,2025-12-01,87000,13000,74000,0
000372,2025-12-01,137000,19200,117800,2
000373,2025-12-01,50000,4000,46000,0
000374,2025-12-01,77000,6900,70100,0
000375,2025-12-01,619000,74300,544700,0
000377,2025-12-01,53000,6400,46600,0
000378,2025-12-01,50000,5500,44500,0
000379,2025-12-01,127000,19000,108000,0
000380,2025-12-01,148000,19200,128800,0
000381,2025-12-01,33000,4600,28400,0
000382,2025-12-01,105000,14700,90300,0
000383,2025-12-01,169000,23700,145300,0
000384,2025-12-01,145000,18800,126200,0
000385,2025-12-01,57000,7400,49600,0
000386,2025-12-01,126000,12600,113400,0
000387,2025-12-01,50000,6000,44000,0
000388,2025-12-01,42000,3400,38600,0
000389,2025-12-01,25000,4000,21000,0
000390,2025-12-01,407000,52900,354100,0
000391,2025-12-01,117000,12900,104100,0
000392,2025-12-01,245000,29400,215600,0
000393,2025-12-01,34000,4100,29900,0
000394,2025-12-01,139000,13900,125100,0
000395,2025-12-01,135000,14800,120200,0
000397,2025-12-01,49000,5400,43600,0
000398,2025-12-01,145000,18800,126200,1
000399,2025-12-01,38000,3400,34600,0
000400,2025-12-01,50000,5500,44500,0
000401,2025-12-01,88000,10600,77400,0
000402,2025-12-01,33000,5300,27700,0
000403,2025-12-01,26000,3400,22600,0
000404,2025-12-01,58000,4600,53400,0
000405,2025-12-01,91000,10900,80100,0
000406,2025-12-01,242000,33900,208100,0
000407,2025-12-01,26000,2100,23900,0
000408,2025-12-01,45000,7200,37800,0
000409,2025-12-01,216000,34600,181400,0
000410,2025-12-01,77000,9200,67800,0
000411,2025-12-01,77000,6900,70100,0
000412,2025-12-01,25000,3500,21500,1
000414,2025-12-01,40000,3600,36400,0
000415,2025-12-01,84000,13400,70600,1
000416,2025-12-01,55000,4400,50600,0
000417,2025-12-01,42000,6700,35300,0
000418,2025-12-01,62000,8100,53900,0
000419,2025-12-01,29000,4100,24900,0
000420,2025-12-01,109000,8700,100300,0
000421,2025-12-01,67000,7400,59600,0
000423,2025-12-01,65000,5800,59200,0
000424,2025-12-01,236000,26000,210000,0
000425,2025-12-01,47000,4700,42300,0
000426,2025-12-01,51000,8200,42800,0
000427,2025-12-01,51000,6600,44400,0
000428,2025-12-01,76000,9900,66100,1
000430,2025-12-01,74000,8900,65100,1
000431,2025-12-01,55000,5500,49500,0
000432,2025-12-01,115000,9200,105800,0
000433,2025-12-01,104000,13500,90500,0
000434,2025-12-01,150000,12000,138000,0
000436,2025-12-01,94000,13200,80800,0
000437,2025-12-01,38000,6100,31900,0
000438,2025-12-01,80000,8000,72000,0
000439,2025-12-01,81000,10500,70500,0
000440,2025-12-01,110000,11000,99000,0
000441,2025-12-01,62000,8100,53900,0
000442,2025-12-01,83000,7500,75500,0
000444,2025-12-01,52000,4200,47800,2
000445,2025-12-01,58000,6400,51600,0
000446,2025-12-01,69000,7600,61400,0
000448,2025-12-01,53000,5300,47700,0
000450,2025-12-01,70000,6300,63700,0
000452,2025-12-01,71000,8500,62500,0
000453,2025-12-01,131000,15700,115300,0
000454,2025-12-01,43000,4300,38700,0
000455,2025-12-01,128000,15400,112600,0
000457,2025-12-01,50000,4000,46000,0
000459,2025-12-01,382000,53500,328500,0
000461,2025-12-01,53000,4200,48800,0
000462,2025-12-01,97000,12600,84400,0
000463,2025-12-01,29000,4400,24600,0
000464,2025-12-01,80000,8800,71200,0
000465,2025-12-01,56000,7300,48700,0
000467,2025-12-01,55000,6000,49000,0
000468,2025-12-01,209000,18800,190200,0
000469,2025-12-01,66000,9200,56800,0
000470,2025-12-01,66000,8600,57400,2
000471,2025-12-01,50000,7500,42500,0
000473,2025-12-01,74000,7400,66600,0
000474,2025-12-01,40000,6400,33600,0
000475,2025-12-01,48000,6700,41300,0
000476,2025-12-01,163000,21200,141800,0
000478,2025-12-01,50000,6500,43500,0
000479,2025-12-01,99000,11900,87100,0
000482,2025-12-01,86000,11200,74800,1
000483,2025-12-01,198000,31700,166300,0
000484,2025-12-01,108000,15100,92900,0
000485,2025-12-01,64000,10200,53800,0
000486,2025-12-01,223000,22300,200700,0
000487,2025-12-01,48000,6700,41300,0
000488,2025-12-01,75000,9000,66000,0
000490,2025-12-01,172000,17200,154800,0
000491,2025-12-01,117000,16400,100600,0
000492,2025-12-01,46000,7400,38600,1
000493,2025-12-01,176000,19400,156600,1
000494,2025-12-01,71000,11400,59600,1
000495,2025-12-01,89000,9800,79200,0
000496,2025-12-01,282000,25400,256600,0
000497,2025-12-01,29000,3500,25500,0
000498,2025-12-01,47000,5200,41800,0
000499,2025-12-01,32000,5100,26900,0
000500,2025-12-01,36000,3200,32800,0
000501,2025-12-01,60000,9600,50400,0
000502,2025-12-01,150000,24000,126000,0
000503,2025-12-01,39000,3500,35500,0
000504,2025-12-01,44000,4800,39200,0
000506,2025-12-01,60000,9000,51000,0
000507,2025-12-01,103000,8200,94800,0
000508,2025-12-01,40000,5600,34400,1
000509,2025-12-01,166000,13300,152700,0
000510,2025-12-01,98000,11800,86200,0
000511,2025-12-01,72000,6500,65500,0
000512,2025-12-01,95000,10400,84600,2
000513,2025-12-01,70000,10500,59500,0
000514,2025-12-01,32000,3800,28200,0
000516,2025-12-01,117000,11700,105300,0
000517,2025-12-01,56000,7300,48700,0
000518,2025-12-01,142000,15600,126400,0
000519,2025-12-01,52000,6200,45800,0
000521,2025-12-01,72000,8600,63400,0
000523,2025-12-01,37000,3300,33700,0
000524,2025-12-01,45000,6300,38700,0
000525,2025-12-01,50000,4500,45500,0
000526,2025-12-01,61000,4900,56100,0
000527,2025-12-01,79000,8700,70300,0
000528,2025-12-01,113000,10200,102800,0
000529,2025-12-01,50000,4500,45500,0
000530,2025-12-01,94000,7500,86500,0
000531,2025-12-01,49000,5400,43600,0
000532,2025-12-01,130000,10400,119600,0
000534,2025-12-01,55000,6000,49000,0
000535,2025-12-01,48000,5300,42700,0
000536,2025-12-01,53000,8000,45000,0
000537,2025-12-01,58000,7000,51000,0
000538,2025-12-01,64000,5100,58900,0
000539,2025-12-01,104000,12500,91500,0
000540,2025-12-01,110000,9900,100100,0
000541,2025-12-01,84000,9200,74800,0
000542,2025-12-01,52000,8300,43700,0
000543,2025-12-01,55000,6600,48400,0
000544,2025-12-01,33000,3000,30000,0
000545,2025-12-01,66000,7900,58100,0
000546,2025-12-01,36000,2900,33100,0
000547,2025-12-01,248000,34700,213300,0
000548,2025-12-01,40000,5600,34400,0
000549,2025-12-01,124000,11200,112800,1
000550,2025-12-01,415000,45600,369400,0
000551,2025-12-01,67000,7400,59600,0
000552,2025-12-01,150000,19500,130500,0
000553,2025-12-01,26000,2600,23400,0
000554,2025-12-01,55000,6000,49000,3
000555,2025-12-01,96000,14400,81600,0
000556,2025-12-01,75000,11200,63800,0
000557,2025-12-01,27000,2400,24600,0
000558,2025-12-01,53000,4200,48800,0
000559,2025-12-01,228000,20500,207500,0
000560,2025-12-01,140000,21000,119000,0
000561,2025-12-01,68000,6100,61900,0
000562,2025-12-01,227000,18200,208800,0
000563,2025-12-01,64000,9600,54400,3
000564,2025-12-01,39000,6200,32800,0
000565,2025-12-01,147000,17600,129400,0
000567,2025-12-01,129000,20600,108400,0
000568,2025-12-01,102000,13300,88700,0
000569,2025-12-01,728000,65500,662500,0
000570,2025-12-01,99000,13900,85100,0
000571,2025-12-01,38000,5700,32300,0
000572,2025-12-01,50000,5500,44500,0
000573,2025-12-01,124000,11200,112800,0
000574,2025-12-01,83000,10000,73000,0
000575,2025-12-01,83000,11600,71400,0
000576,2025-12-01,73000,8800,64200,0
000577,2025-12-01,136000,12200,123800,0
000578,2025-12-01,59000,5300,53700,0
000579,2025-12-01,122000,15900,106100,0
000580,2025-12-01,51000,7100,43900,0
000581,2025-12-01,203000,18300,184700,2
000582,2025-12-01,70000,9100,60900,0
000583,2025-12-01,82000,8200,73800,0
000586,2025-12-01,52000,6200,45800,0
000587,2025-12-01,45000,5800,39200,0
000588,2025-12-01,30000,2700,27300,0
000589,2025-12-01,74000,11800,62200,1
000590,2025-12-01,64000,10200,53800,0
000591,2025-12-01,48000,6700,41300,0
000592,2025-12-01,42000,4600,37400,0
000593,2025-12-01,32000,2900,29100,2
000594,2025-12-01,71000,9200,61800,0
000595,2025-12-01,78000,10900,67100,0
000596,2025-12-01,45000,7200,37800,0
000597,2025-12-01,44000,4400,39600,0
000598,2025-12-01,80000,12000,68000,0
000599,2025-12-01,40000,5200,34800,0
000600,2025-12-01,54000,7600,46400,0
